<?xml version="1.0" encoding="UTF-8"?><IBISWorkflow version="5.3">
  <Modules>
    <ModuleGroup>
      <ModuleGroupName>Data Converter</ModuleGroupName>
    </ModuleGroup>
    <ModuleGroup>
      <ModuleGroupName>Joiner</ModuleGroupName>
      <Module>
        <ModuleName>Joiner</ModuleName>
        <InputMessageType>*</InputMessageType>
        <OutputMessageType>*</OutputMessageType>
        <PluginName>Joiner</PluginName>
        <CheckinComment>@@@Server: bigfoot.intra.inubit.com@@@Version: 1@@@25.09.2009 15:19:57@@@</CheckinComment>
        <LastUpdate>25.09.2009 12:01:09</LastUpdate>
        <IsActive>true</IsActive>
        <IsInputConnector>false</IsInputConnector>
        <IsOutputConnector>false</IsOutputConnector>
      </Module>
    </ModuleGroup>
    <ModuleGroup>
      <ModuleGroupName>Web Application Connector</ModuleGroupName>
      <Module>
        <ModuleName>ProcessEditorConnector</ModuleName>
        <InputMessageType>*</InputMessageType>
        <OutputMessageType>*</OutputMessageType>
        <PluginName>Web Application Connector</PluginName>
        <CheckinComment>@@@Server: bigfoot.intra.inubit.com@@@Version: 1@@@25.09.2009 15:19:57@@@</CheckinComment>
        <LastUpdate>25.09.2009 12:00:57</LastUpdate>
        <IsActive>true</IsActive>
        <IsInputConnector>true</IsInputConnector>
        <IsOutputConnector>false</IsOutputConnector>
      </Module>
    </ModuleGroup>
    <ModuleGroup>
      <ModuleGroupName>REST Connector</ModuleGroupName>
      <Module>
        <ModuleName>Retrieve Process Model List</ModuleName>
        <InputMessageType>*</InputMessageType>
        <OutputMessageType>*</OutputMessageType>
        <PluginName>REST Connector</PluginName>
        <CheckinComment>@@@Server: bigfoot.intra.inubit.com@@@Version: 1@@@25.09.2009 15:19:57@@@</CheckinComment>
        <LastUpdate>25.09.2009 12:02:26</LastUpdate>
        <IsActive>true</IsActive>
        <IsInputConnector>true</IsInputConnector>
        <IsOutputConnector>true</IsOutputConnector>
      </Module>
    </ModuleGroup>
    <ModuleGroup>
      <ModuleGroupName>Task Generator</ModuleGroupName>
      <Module>
        <ModuleName>Show ProcessEditor</ModuleName>
        <InputMessageType>*</InputMessageType>
        <OutputMessageType>*</OutputMessageType>
        <PluginName>Task Generator</PluginName>
        <CheckinComment>@@@Server: bigfoot.intra.inubit.com@@@Version: 1@@@25.09.2009 15:19:57@@@</CheckinComment>
        <LastUpdate>25.09.2009 12:51:51</LastUpdate>
        <IsActive>true</IsActive>
        <IsInputConnector>false</IsInputConnector>
        <IsOutputConnector>false</IsOutputConnector>
      </Module>
      <Module>
        <ModuleName>ShowProcessModels</ModuleName>
        <InputMessageType>*</InputMessageType>
        <OutputMessageType>*</OutputMessageType>
        <PluginName>Task Generator</PluginName>
        <CheckinComment>@@@Server: bigfoot.intra.inubit.com@@@Version: 1@@@25.09.2009 15:19:57@@@</CheckinComment>
        <LastUpdate>25.09.2009 13:58:05</LastUpdate>
        <IsActive>true</IsActive>
        <IsInputConnector>false</IsInputConnector>
        <IsOutputConnector>false</IsOutputConnector>
      </Module>
    </ModuleGroup>
  </Modules>
</IBISWorkflow>
