<?xml version="1.0" encoding="UTF-8"?>

<Properties version="4.1">
  <Property name="InputConnector" type="Boolean">true</Property>
  <Property name="OutputConnector" type="Boolean">false</Property>
  <Property name="IsActive">true</Property>
  <Property name="ListenerConnector" type="Boolean">true</Property>
  <Property name="RetryNumber" type="Integer">0</Property>
  <Property name="RetryInterval" type="Integer">660</Property>
  <Property name="TimeoutInterval" type="Integer">600</Property>
  <Property name="Login">f0bf379d-c0a8-0086-01ce-323a3e8abdf2</Property>
  <Property name="Password" type="Password" encrypted="true">qn0qUPTQkuA=</Property>
  <Property name="Permissions" type="List"/>
  <Property name="RemoteConnector" type="Boolean">false</Property>
  <Property name="Timeout" type="Boolean">true</Property>
  <Property name="WebAppAutomaticLogin">true</Property>
  <Property name="WebAppDefaultCategory">inubit</Property>
  <Property name="WebAppFormTransient" type="Boolean">false</Property>
  <Property name="WebAppLoginPage">&lt;div style="cursor:pointer; color: firebrick; font-family: verdana, arial, sans-serif; font-size: 10pt;" onclick="window.location.href=window.location.href" id="isErrorMessage"&gt;&lt;/div&gt;</Property>
  <Property name="WebAppTimeout">3600</Property>
  <Property name="WebProperties">#
#Fri Sep 25 12:00:57 CEST 2009
logLevel=fatal
usePortalCss=true
actionUrl=
logFile=../../ibis_root/log/ProcessEditorConnector.log
isportletid=ProcessEditorConnector
usePortalUser=true
defaultTitle=&lt;Table&gt;&lt;Row id\="0"&gt;&lt;Column id\="0"&gt;de&lt;/Column&gt;&lt;Column id\="1"&gt;ProcessEditorConnector&lt;/Column&gt;&lt;/Row&gt;&lt;Row id\="1"&gt;&lt;Column id\="0"&gt;en&lt;/Column&gt;&lt;Column id\="1"&gt;ProcessEditorConnector&lt;/Column&gt;&lt;/Row&gt;&lt;/Table&gt;
istargetid=
includeScript=true
actionUrlPostfix=
roundRobin=
includeCss=true
</Property>  <Property name="deploymentNeeded">false</Property>
  <Property name="oldModuleName">ProcessEditorConnector</Property>
</Properties>
