<?xml version="1.0" encoding="UTF-8"?>

<Properties version="4.1">
  <Property name="InputConnector" type="Boolean">true</Property>
  <Property name="OutputConnector" type="Boolean">true</Property>
  <Property name="IsActive">true</Property>
  <Property name="ListenerConnector" type="Boolean">false</Property>
  <Property name="RetryNumber" type="Integer">0</Property>
  <Property name="RetryInterval" type="Integer">660</Property>
  <Property name="TimeoutInterval" type="Integer">600</Property>
  <Property name="AuthRequired" type="Boolean">false</Property>
  <Property name="AuthScheme">Basic</Property>
  <Property name="Login"></Property>
  <Property name="Password" type="Password" encrypted="true">bJwmx/Z1hjs=</Property>
  <Property name="RemoteConnector" type="Boolean">false</Property>
  <Property name="Request.Header.Accept">*/*</Property>
  <Property name="Request.Header.Accept-Encoding">gzip, deflate, zip, identity</Property>
  <Property name="Request.Method">GET</Property>
  <Property name="Request.QueryParams" type="XmlDocument">&lt;?xml version="1.0" encoding="UTF-8"?&gt;
&lt;QueryParams/&gt;</Property>
  <Property name="Request.URI">http://bigfoot:1205/models</Property>
  <Property name="Timeout" type="Boolean">true</Property>
</Properties>
