<?xml version="1.0" encoding="UTF-8"?>

<Properties version="4.1">
  <Property name="Action">WebApp</Property>
  <Property name="Description"></Property>
  <Property name="HelpPredicates">&lt;?xml version="1.0" encoding="UTF-8"?&gt;
</Property>  <Property name="LayoutTemplate">vertical</Property>
  <Property name="LockTimeout">3600</Property>
  <Property name="MimeType"></Property>
  <Property name="NoTimeoutError">true</Property>
  <Property name="ProcessRoles" type="List"/>
  <Property name="ProcessUsers" type="List"/>
  <Property name="StopWFExecution">true</Property>
  <Property name="Suffix"></Property>
  <Property name="TaskDeliveryRuleIDs" type="List"/>
  <Property name="TaskForEachUser">false</Property>
  <Property name="TaskName"></Property>
  <Property name="TaskPopup">false</Property>
  <Property name="TaskPopupFromPrevious">false</Property>
  <Property name="Timeout">3600</Property>
  <Property name="TimeoutEmail"></Property>
  <Property name="UsePortalRoles">true</Property>
  <Property name="Wait">0</Property>
  <Property name="WebApplications" type="List"/>
  <Property name="restrictDelegationToRole"></Property>
  <Property name="xslt.base64Zipped">true</Property>
  <Property name="xslt.ignoreInput">false</Property>
  <Property name="xslt.saveAtServer">false</Property>
  <Property name="xslt.source">C:\Dokumente und Einstellungen\fpu\Anwendungsdaten\inubit\Toolset\5.3\work\192.168.0.134_8000\root\tmp\f0d20f50c0a80086007998a94a8e71a6</Property>
  <Property name="xslt.transformer.input">net.sf.saxon.TransformerFactoryImpl</Property>
  <Property name="xslt.transformer.output">net.sf.saxon.TransformerFactoryImpl</Property>
</Properties>
