<?xml version="1.0" encoding="UTF-8"?>
<IBISWorkflow version="5.1">
    <Workflows>
        <WorkflowGroup>
            <WorkflowGroupName>Semantics</WorkflowGroupName>
            <Workflow version="head" workflowType="technical">
                <WorkflowName>WS-ModuleStatistics</WorkflowName>
                <WorkflowUId>53ba2161:1206106be91:-7fff</WorkflowUId>
                <Comment>&lt;p style="margin-top: 0"&gt; &lt;/p&gt;</Comment>
                <CheckinComment>@@@Server: decplex.intra.inubit.com@@@Version: 21@@@07.04.2009 13:26:28@@@</CheckinComment>
                <IsActive>true</IsActive>
                <XPathVersion>2.0</XPathVersion>
                <WorkflowModule moduleType="technical">
                    <ModuleId>16434098</ModuleId>
                    <ModuleName>WS-MSGetWaitingModules</ModuleName>
                    <ParentModule moduleId="16432033"/>
                    <StyleSheet xPos="125" yPos="70"/>
                    <Connection moduleOutId="10791857">
                        <ConnectionNames version="4.1"/>
                        <Comments version="4.1"/>
                        <ConnectionId>14</ConnectionId>
                        <StyleSheet labelPosition="50"/>
                    </Connection>
                </WorkflowModule>
                <WorkflowModule moduleType="technical">
                    <ModuleId>16433553</ModuleId>
                    <ModuleName>WS-MS getExecutionTime Prepare Msg2</ModuleName>
                    <ParentModule moduleId="16432033"/>
                    <StyleSheet xPos="435" yPos="450"/>
                    <Connection moduleOutId="16433548">
                        <ConnectionNames version="4.1"/>
                        <Comments version="4.1"/>
                        <ConnectionId>1</ConnectionId>
                        <StyleSheet labelPosition="50"/>
                    </Connection>
                </WorkflowModule>
                <WorkflowModule moduleType="technical">
                    <ModuleId>10791857</ModuleId>
                    <ModuleName>WS-MS Prepare Waiting Count Msg</ModuleName>
                    <ParentModule moduleId="16432033"/>
                    <StyleSheet xPos="285" yPos="200"/>
                    <Connection moduleOutId="16432055">
                        <ConnectionNames version="4.1"/>
                        <Comments version="4.1"/>
                        <ConnectionId>8</ConnectionId>
                        <StyleSheet labelPosition="50">
                            <Junctures>
                                <Point xPos="345" yPos="220"/>
                                <Point xPos="365" yPos="220"/>
                                <Point xPos="365" yPos="220"/>
                                <Point xPos="365" yPos="80"/>
                                <Point xPos="365" yPos="80"/>
                                <Point xPos="395" yPos="80"/>
                            </Junctures>
                        </StyleSheet>
                    </Connection>
                </WorkflowModule>
                <WorkflowModule moduleType="technical">
                    <ModuleId>16433555</ModuleId>
                    <ModuleName>WS-MS getExecutionTime Prepare Msg3</ModuleName>
                    <ParentModule moduleId="16432033"/>
                    <StyleSheet xPos="645" yPos="450"/>
                    <Connection moduleOutId="16433549">
                        <ConnectionNames version="4.1"/>
                        <Comments version="4.1"/>
                        <ConnectionId>11</ConnectionId>
                        <StyleSheet labelPosition="50"/>
                    </Connection>
                </WorkflowModule>
                <WorkflowModule moduleType="technical">
                    <ModuleId>16433551</ModuleId>
                    <ModuleName>WS-MS getExecutionTime Prepare Msg1</ModuleName>
                    <ParentModule moduleId="16432033"/>
                    <StyleSheet xPos="225" yPos="450"/>
                    <Connection moduleOutId="16433547">
                        <ConnectionNames version="4.1"/>
                        <Comments version="4.1"/>
                        <ConnectionId>13</ConnectionId>
                        <StyleSheet labelPosition="50"/>
                    </Connection>
                </WorkflowModule>
                <WorkflowModule moduleType="technical">
                    <ModuleId>16434372</ModuleId>
                    <ModuleName>WS-MS Prepare response</ModuleName>
                    <ParentModule moduleId="16432033"/>
                    <StyleSheet xPos="880" yPos="200"/>
                </WorkflowModule>
                <WorkflowModule moduleType="technical">
                    <ModuleId>16433549</ModuleId>
                    <ModuleName>WS-MS getExecutionTimes ISConn</ModuleName>
                    <ParentModule moduleId="16432033"/>
                    <StyleSheet xPos="745" yPos="340"/>
                    <Connection moduleOutId="16434023">
                        <ConnectionNames version="4.1"/>
                        <Comments version="4.1"/>
                        <ConnectionId>12</ConnectionId>
                        <StyleSheet labelPosition="50"/>
                    </Connection>
                </WorkflowModule>
                <WorkflowModule moduleType="technical">
                    <ModuleId>16432055</ModuleId>
                    <ModuleName>WS-MS GetWaitingModules ISConn</ModuleName>
                    <ParentModule moduleId="16432033"/>
                    <StyleSheet xPos="395" yPos="60"/>
                    <Connection moduleOutId="16432088">
                        <ConnectionNames version="4.1"/>
                        <Comments version="4.1"/>
                        <ConnectionId>6</ConnectionId>
                        <StyleSheet labelPosition="50">
                            <Junctures>
                                <Point xPos="455" yPos="80"/>
                                <Point xPos="475" yPos="80"/>
                                <Point xPos="475" yPos="150"/>
                                <Point xPos="425" yPos="150"/>
                                <Point xPos="425" yPos="220"/>
                                <Point xPos="495" yPos="220"/>
                            </Junctures>
                        </StyleSheet>
                    </Connection>
                </WorkflowModule>
                <WorkflowModule moduleType="technical">
                    <ModuleId>16433548</ModuleId>
                    <ModuleName>WS-MS getExecutionTimes ISConn</ModuleName>
                    <ParentModule moduleId="16432033"/>
                    <StyleSheet xPos="535" yPos="330"/>
                    <Connection moduleOutId="16433555">
                        <ConnectionNames version="4.1"/>
                        <Comments version="4.1"/>
                        <ConnectionId>3</ConnectionId>
                        <StyleSheet labelPosition="50"/>
                    </Connection>
                </WorkflowModule>
                <WorkflowModule moduleType="technical">
                    <ModuleId>16433547</ModuleId>
                    <ModuleName>WS-MS getExecutionTimes ISConn</ModuleName>
                    <ParentModule moduleId="16432033"/>
                    <StyleSheet xPos="325" yPos="330"/>
                    <Connection moduleOutId="16433553">
                        <ConnectionNames version="4.1"/>
                        <Comments version="4.1"/>
                        <ConnectionId>5</ConnectionId>
                        <StyleSheet labelPosition="50"/>
                    </Connection>
                </WorkflowModule>
                <WorkflowModule moduleType="technical">
                    <ModuleId>16432586</ModuleId>
                    <ModuleName>WS-MS GetWaitingModules ISConn</ModuleName>
                    <ParentModule moduleId="16432033"/>
                    <StyleSheet xPos="785" yPos="70"/>
                    <Connection moduleOutId="16434372">
                        <ConnectionNames version="4.1"/>
                        <Comments version="4.1"/>
                        <ConnectionId>9</ConnectionId>
                        <StyleSheet labelPosition="50"/>
                    </Connection>
                </WorkflowModule>
                <WorkflowModule moduleType="technical">
                    <ModuleId>16432088</ModuleId>
                    <ModuleName>WS-MS Prepare Waiting Count Msg2</ModuleName>
                    <ParentModule moduleId="16432033"/>
                    <StyleSheet xPos="495" yPos="200"/>
                    <Connection moduleOutId="16432075">
                        <ConnectionNames version="4.1"/>
                        <Comments version="4.1"/>
                        <ConnectionId>4</ConnectionId>
                        <StyleSheet labelPosition="50">
                            <Junctures>
                                <Point xPos="555" yPos="220"/>
                                <Point xPos="625" yPos="220"/>
                                <Point xPos="625" yPos="150"/>
                                <Point xPos="565" yPos="150"/>
                                <Point xPos="565" yPos="80"/>
                                <Point xPos="585" yPos="80"/>
                            </Junctures>
                        </StyleSheet>
                    </Connection>
                </WorkflowModule>
                <WorkflowModule moduleType="technical">
                    <ModuleId>16432075</ModuleId>
                    <ModuleName>WS-MS GetWaitingModules ISConn</ModuleName>
                    <ParentModule moduleId="16432033"/>
                    <StyleSheet xPos="585" yPos="60"/>
                    <Connection moduleOutId="16432584">
                        <ConnectionNames version="4.1"/>
                        <Comments version="4.1"/>
                        <ConnectionId>2</ConnectionId>
                        <StyleSheet labelPosition="50"/>
                    </Connection>
                </WorkflowModule>
                <WorkflowModule moduleType="technical">
                    <ModuleId>16434178</ModuleId>
                    <ModuleName>WS-MSGetExecutionTimes</ModuleName>
                    <ParentModule moduleId="16432033"/>
                    <StyleSheet xPos="100" yPos="330"/>
                    <Connection moduleOutId="16433551">
                        <ConnectionNames version="4.1"/>
                        <Comments version="4.1"/>
                        <ConnectionId>7</ConnectionId>
                        <StyleSheet labelPosition="50"/>
                    </Connection>
                </WorkflowModule>
                <WorkflowModule moduleType="technical">
                    <ModuleId>16434023</ModuleId>
                    <ModuleName>WS-MS Prepare Reply</ModuleName>
                    <ParentModule moduleId="16432033"/>
                    <StyleSheet xPos="855" yPos="460"/>
                </WorkflowModule>
                <WorkflowModule moduleType="technical">
                    <ModuleId>16432584</ModuleId>
                    <ModuleName>WS-MS Prepare Waiting Count Msg3</ModuleName>
                    <ParentModule moduleId="16432033"/>
                    <StyleSheet xPos="705" yPos="200"/>
                    <Connection moduleOutId="16432586">
                        <ConnectionNames version="4.1"/>
                        <Comments version="4.1"/>
                        <ConnectionId>10</ConnectionId>
                        <StyleSheet labelPosition="50"/>
                    </Connection>
                </WorkflowModule>
                <Variables xmlns:wsc="http://decplex:8000/ibis/ws/1238587040901/SimulationInformationProvider" xmlns:xs="http://www.w3.org/2001/XMLSchema">
                    <Variable messageType="wsc:getExecutionTimes" name="getExecutionTimes">
                        <Part element="wsc:getExecutionTimes" name="parameters"/>
                    </Variable>
                    <Variable messageType="wsc:getWaitingModulesResponse" name="getWaitingModulesResponse">
                        <Part element="wsc:getWaitingModulesResponse" name="parameters"/>
                    </Variable>
                    <Variable messageType="wsc:getWaitingModules" name="getWaitingModules">
                        <Part element="wsc:getWaitingModules" name="parameters"/>
                    </Variable>
                </Variables>
                <WSDLs>
                    <WSDL location="SimulationInformatikProvider.wsdl" namespace="http://localhost:8000/ibis/ws/1238582969243/SimulationInformationProvider" originalLocation="">&lt;?xml version="1.0" encoding="UTF-8"?&gt;
&lt;wsdl:definitions xmlns:wsdl="http://schemas.xmlsoap.org/wsdl/" xmlns:wsc="http://localhost:8000/ibis/ws/1238582969243/SimulationInformationProvider" xmlns:soapenc="http://schemas.xmlsoap.org/soap/encoding/" xmlns:ns1="http://localhost:8000/ibis/ws/1238582969243/SimulationInformatikProvider" xmlns:xsd="http://www.w3.org/2001/XMLSchema" xmlns:xmime="http://www.w3.org/2005/05/xmlmime" xmlns:wsdlsoap="http://schemas.xmlsoap.org/wsdl/soap/" targetNamespace="http://localhost:8000/ibis/ws/1238582969243/SimulationInformationProvider"&gt;
  &lt;wsdl:types&gt;
    &lt;xsd:schema xmlns="http://www.w3.org/2001/XMLSchema" xmlns:wsc="http://localhost:8000/ibis/ws/1238582969243/SimulationInformatikProvider" xmlns:xs="http://www.w3.org/2001/XMLSchema" elementFormDefault="qualified" targetNamespace="http://localhost:8000/ibis/ws/1238582969243/SimulationInformatikProvider"&gt;&lt;xsd:element name="getWaitingModules"&gt;&lt;xsd:complexType&gt;&lt;xsd:sequence&gt;&lt;xsd:element maxOccurs="1" minOccurs="1" name="moduleID" type="xsd:string"/&gt;&lt;/xsd:sequence&gt;&lt;/xsd:complexType&gt;&lt;/xsd:element&gt;&lt;xsd:element name="getWaitingModulesResponse"&gt;&lt;xsd:complexType&gt;&lt;xsd:sequence&gt;&lt;xsd:element maxOccurs="1" minOccurs="1" name="waitingModules" type="xsd:string"/&gt;&lt;/xsd:sequence&gt;&lt;/xsd:complexType&gt;&lt;/xsd:element&gt;&lt;xsd:element name="getExecutionTimes"&gt;&lt;xsd:complexType&gt;&lt;xsd:sequence&gt;&lt;xsd:element maxOccurs="1" minOccurs="1" name="moduleID" type="xsd:string"/&gt;&lt;xsd:element maxOccurs="1" minOccurs="0" name="filterDateStart" type="xsd:string"/&gt;&lt;xsd:element maxOccurs="1" minOccurs="0" name="filterDateEnd" type="xsd:string"/&gt;&lt;/xsd:sequence&gt;&lt;/xsd:complexType&gt;&lt;/xsd:element&gt;&lt;xsd:element name="getExecutionTimesResponse"&gt;&lt;xsd:complexType&gt;&lt;xsd:sequence&gt;&lt;xsd:element maxOccurs="1" minOccurs="1" name="executionTimes"&gt;&lt;xsd:complexType&gt;&lt;xsd:sequence&gt;&lt;xsd:element maxOccurs="unbounded" minOccurs="0" name="time" type="xsd:integer"/&gt;&lt;/xsd:sequence&gt;&lt;/xsd:complexType&gt;&lt;/xsd:element&gt;&lt;/xsd:sequence&gt;&lt;/xsd:complexType&gt;&lt;/xsd:element&gt;&lt;/xsd:schema&gt;
    &lt;xs:schema xmlns:xs="http://www.w3.org/2001/XMLSchema" xmlns:wsc="http://decplex:8000/ibis/ws/1238582969243/SimulationInformatikProvider" targetNamespace="http://www.w3.org/2005/05/xmlmime"&gt; &lt;xs:attribute name="contentType"&gt;    &lt;xs:simpleType&gt;      &lt;xs:restriction base="xs:string"&gt;      &lt;xs:minLength value="3"/&gt;      &lt;/xs:restriction&gt;    &lt;/xs:simpleType&gt; &lt;/xs:attribute&gt; &lt;xs:attribute name="expectedContentTypes" type="xs:string"/&gt; &lt;xs:complexType name="base64Binary"&gt;     &lt;xs:simpleContent&gt;        &lt;xs:extension base="xs:base64Binary"&gt;            &lt;xs:attribute ref="xmime:contentType"/&gt;        &lt;/xs:extension&gt;    &lt;/xs:simpleContent&gt;&lt;/xs:complexType&gt; &lt;xs:complexType name="hexBinary"&gt;     &lt;xs:simpleContent&gt;        &lt;xs:extension base="xs:hexBinary"&gt;            &lt;xs:attribute ref="xmime:contentType"/&gt;        &lt;/xs:extension&gt;    &lt;/xs:simpleContent&gt;&lt;/xs:complexType&gt;&lt;/xs:schema&gt;
  &lt;/wsdl:types&gt;
  &lt;wsdl:message name="getExecutionTimesResponse"&gt;
    &lt;wsdl:part name="parameters" element="wsc:getExecutionTimesResponse"&gt;
    &lt;/wsdl:part&gt;
  &lt;/wsdl:message&gt;
  &lt;wsdl:message name="getWaitingModulesResponse"&gt;
    &lt;wsdl:part name="parameters" element="wsc:getWaitingModulesResponse"&gt;
    &lt;/wsdl:part&gt;
  &lt;/wsdl:message&gt;
  &lt;wsdl:message name="getExecutionTimes"&gt;
    &lt;wsdl:part name="parameters" element="wsc:getExecutionTimes"&gt;
    &lt;/wsdl:part&gt;
  &lt;/wsdl:message&gt;
  &lt;wsdl:message name="getWaitingModules"&gt;
    &lt;wsdl:part name="parameters" element="wsc:getWaitingModules"&gt;
    &lt;/wsdl:part&gt;
  &lt;/wsdl:message&gt;
  &lt;wsdl:portType name="SimulationInformatikProviderPortType"&gt;
    &lt;wsdl:operation name="getWaitingModules"&gt;
      &lt;wsdl:input name="getWaitingModules" message="wsc:getWaitingModules"&gt;
    &lt;/wsdl:input&gt;
      &lt;wsdl:output name="getWaitingModulesResponse" message="wsc:getWaitingModulesResponse"&gt;
    &lt;/wsdl:output&gt;
    &lt;/wsdl:operation&gt;
    &lt;wsdl:operation name="getExecutionTimes"&gt;
      &lt;wsdl:input name="getExecutionTimes" message="wsc:getExecutionTimes"&gt;
    &lt;/wsdl:input&gt;
      &lt;wsdl:output name="getExecutionTimesResponse" message="wsc:getExecutionTimesResponse"&gt;
    &lt;/wsdl:output&gt;
    &lt;/wsdl:operation&gt;
  &lt;/wsdl:portType&gt;
  &lt;wsdl:binding name="SimulationInformatikProviderBinding" type="wsc:SimulationInformatikProviderPortType"&gt;
    &lt;wsdlsoap:binding style="document" transport="http://schemas.xmlsoap.org/soap/http"/&gt;
    &lt;wsdl:operation name="getWaitingModules"&gt;
      &lt;wsdlsoap:operation soapAction="getWaitingModules"/&gt;
      &lt;wsdl:input name="getWaitingModules"&gt;
        &lt;wsdlsoap:body parts="parameters" use="literal"/&gt;
      &lt;/wsdl:input&gt;
      &lt;wsdl:output name="getWaitingModulesResponse"&gt;
        &lt;wsdlsoap:body parts="parameters" use="literal"/&gt;
      &lt;/wsdl:output&gt;
    &lt;/wsdl:operation&gt;
    &lt;wsdl:operation name="getExecutionTimes"&gt;
      &lt;wsdlsoap:operation soapAction="getExecutionTimes"/&gt;
      &lt;wsdl:input name="getExecutionTimes"&gt;
        &lt;wsdlsoap:body parts="parameters" use="literal"/&gt;
      &lt;/wsdl:input&gt;
      &lt;wsdl:output name="getExecutionTimesResponse"&gt;
        &lt;wsdlsoap:body parts="parameters" use="literal"/&gt;
      &lt;/wsdl:output&gt;
    &lt;/wsdl:operation&gt;
  &lt;/wsdl:binding&gt;
  &lt;wsdl:service name="SimulationInformationProvider"&gt;
    &lt;wsdl:port name="SimulationInformationProviderPort" binding="wsc:SimulationInformatikProviderBinding"&gt;
      &lt;wsdlsoap:address location="http://decplex:8000/ibis/ws/SimulationInformationProvider"/&gt;
    &lt;/wsdl:port&gt;
  &lt;/wsdl:service&gt;
&lt;/wsdl:definitions&gt;</WSDL>
                    <WSDL location="SimInformationProvider.wsdl" namespace="http://decplex:8000/ibis/ws/1238586786198/SimInformationProvider" originalLocation="">&lt;?xml version="1.0" encoding="UTF-8"?&gt;
&lt;wsdl:definitions xmlns:wsdl="http://schemas.xmlsoap.org/wsdl/" xmlns:wsc="http://decplex:8000/ibis/ws/1238586786198/SimInformationProvider" xmlns:soapenc="http://schemas.xmlsoap.org/soap/encoding/" xmlns:ns1="http://localhost:8000/ibis/ws/1238582969243/SimulationInformatikProvider" xmlns:xsd="http://www.w3.org/2001/XMLSchema" xmlns:xmime="http://www.w3.org/2005/05/xmlmime" xmlns:wsdlsoap="http://schemas.xmlsoap.org/wsdl/soap/" targetNamespace="http://decplex:8000/ibis/ws/1238586786198/SimInformationProvider"&gt;
  &lt;wsdl:types&gt;
    &lt;xsd:schema xmlns="http://www.w3.org/2001/XMLSchema" xmlns:wsc="http://localhost:8000/ibis/ws/1238582969243/SimulationInformatikProvider" xmlns:xs="http://www.w3.org/2001/XMLSchema" elementFormDefault="qualified" targetNamespace="http://localhost:8000/ibis/ws/1238582969243/SimulationInformatikProvider"&gt;&lt;/xsd:schema&gt;
    &lt;xs:schema xmlns:xs="http://www.w3.org/2001/XMLSchema" targetNamespace="http://www.w3.org/2005/05/xmlmime"&gt; &lt;xs:attribute name="contentType"&gt;    &lt;xs:simpleType&gt;      &lt;xs:restriction base="xs:string"&gt;      &lt;xs:minLength value="3"/&gt;      &lt;/xs:restriction&gt;    &lt;/xs:simpleType&gt; &lt;/xs:attribute&gt; &lt;xs:attribute name="expectedContentTypes" type="xs:string"/&gt; &lt;xs:complexType name="base64Binary"&gt;     &lt;xs:simpleContent&gt;        &lt;xs:extension base="xs:base64Binary"&gt;            &lt;xs:attribute ref="xmime:contentType"/&gt;        &lt;/xs:extension&gt;    &lt;/xs:simpleContent&gt;&lt;/xs:complexType&gt; &lt;xs:complexType name="hexBinary"&gt;     &lt;xs:simpleContent&gt;        &lt;xs:extension base="xs:hexBinary"&gt;            &lt;xs:attribute ref="xmime:contentType"/&gt;        &lt;/xs:extension&gt;    &lt;/xs:simpleContent&gt;&lt;/xs:complexType&gt;&lt;/xs:schema&gt;
    &lt;xsd:schema xmlns="http://www.w3.org/2001/XMLSchema" xmlns:xs="http://www.w3.org/2001/XMLSchema" elementFormDefault="qualified" targetNamespace="http://decplex:8000/ibis/ws/1238586786198/SimInformationProvider"&gt;&lt;xsd:element name="getWaitingModules" type="xsd:anyType"/&gt;&lt;xsd:element name="getWaitingModulesResponse" type="xsd:anyType"/&gt;&lt;xsd:element name="getExecutionTimes" type="xsd:anyType"/&gt;&lt;xsd:element name="getExecutionTimesResponse" type="xsd:anyType"/&gt;&lt;/xsd:schema&gt;
  &lt;/wsdl:types&gt;
  &lt;wsdl:message name="getExecutionTimesResponse"&gt;
    &lt;wsdl:part name="parameters" element="wsc:getExecutionTimesResponse"&gt;
    &lt;/wsdl:part&gt;
  &lt;/wsdl:message&gt;
  &lt;wsdl:message name="getExecutionTimes"&gt;
    &lt;wsdl:part name="parameters" element="wsc:getExecutionTimes"&gt;
    &lt;/wsdl:part&gt;
  &lt;/wsdl:message&gt;
  &lt;wsdl:message name="getWaitingModulesResponse"&gt;
    &lt;wsdl:part name="parameters" element="wsc:getWaitingModulesResponse"&gt;
    &lt;/wsdl:part&gt;
  &lt;/wsdl:message&gt;
  &lt;wsdl:message name="getWaitingModules"&gt;
    &lt;wsdl:part name="parameters" element="wsc:getWaitingModules"&gt;
    &lt;/wsdl:part&gt;
  &lt;/wsdl:message&gt;
  &lt;wsdl:portType name="SimInformationProviderPortType"&gt;
    &lt;wsdl:operation name="getWaitingModules"&gt;
      &lt;wsdl:input name="getWaitingModules" message="wsc:getWaitingModules"&gt;
    &lt;/wsdl:input&gt;
      &lt;wsdl:output name="getWaitingModulesResponse" message="wsc:getWaitingModulesResponse"&gt;
    &lt;/wsdl:output&gt;
    &lt;/wsdl:operation&gt;
    &lt;wsdl:operation name="getExecutionTimes"&gt;
      &lt;wsdl:input name="getExecutionTimes" message="wsc:getExecutionTimes"&gt;
    &lt;/wsdl:input&gt;
      &lt;wsdl:output name="getExecutionTimesResponse" message="wsc:getExecutionTimesResponse"&gt;
    &lt;/wsdl:output&gt;
    &lt;/wsdl:operation&gt;
  &lt;/wsdl:portType&gt;
  &lt;wsdl:binding name="SimInformationProviderBinding" type="wsc:SimInformationProviderPortType"&gt;
    &lt;wsdlsoap:binding style="document" transport="http://schemas.xmlsoap.org/soap/http"/&gt;
    &lt;wsdl:operation name="getWaitingModules"&gt;
      &lt;wsdlsoap:operation soapAction="getWaitingModules"/&gt;
      &lt;wsdl:input name="getWaitingModules"&gt;
        &lt;wsdlsoap:body parts="parameters" use="literal"/&gt;
      &lt;/wsdl:input&gt;
      &lt;wsdl:output name="getWaitingModulesResponse"&gt;
        &lt;wsdlsoap:body parts="parameters" use="literal"/&gt;
      &lt;/wsdl:output&gt;
    &lt;/wsdl:operation&gt;
    &lt;wsdl:operation name="getExecutionTimes"&gt;
      &lt;wsdlsoap:operation soapAction="getExecutionTimes"/&gt;
      &lt;wsdl:input name="getExecutionTimes"&gt;
        &lt;wsdlsoap:body parts="parameters" use="literal"/&gt;
      &lt;/wsdl:input&gt;
      &lt;wsdl:output name="getExecutionTimesResponse"&gt;
        &lt;wsdlsoap:body parts="parameters" use="literal"/&gt;
      &lt;/wsdl:output&gt;
    &lt;/wsdl:operation&gt;
  &lt;/wsdl:binding&gt;
  &lt;wsdl:service name="SimInformationProvider"&gt;
    &lt;wsdl:port name="SimInformationProviderPort" binding="wsc:SimInformationProviderBinding"&gt;
      &lt;wsdlsoap:address location="http://decplex:8000/ibis/ws/SimInformationProvider"/&gt;
    &lt;/wsdl:port&gt;
  &lt;/wsdl:service&gt;
&lt;/wsdl:definitions&gt;</WSDL>
                    <WSDL location="SimulationInformationProvider.wsdl" namespace="http://decplex:8000/ibis/ws/1238587040901/SimulationInformationProvider" originalLocation="">&lt;?xml version="1.0" encoding="UTF-8"?&gt;
&lt;wsdl:definitions xmlns:wsdl="http://schemas.xmlsoap.org/wsdl/" xmlns:wsc="http://decplex:8000/ibis/ws/1238587040901/SimulationInformationProvider" xmlns:soapenc="http://schemas.xmlsoap.org/soap/encoding/" xmlns:xsd="http://www.w3.org/2001/XMLSchema" xmlns:xmime="http://www.w3.org/2005/05/xmlmime" xmlns:wsdlsoap="http://schemas.xmlsoap.org/wsdl/soap/" targetNamespace="http://decplex:8000/ibis/ws/1238587040901/SimulationInformationProvider"&gt;
  &lt;wsdl:types&gt;
    &lt;xsd:schema xmlns="http://www.w3.org/2001/XMLSchema" xmlns:xs="http://www.w3.org/2001/XMLSchema" elementFormDefault="qualified" targetNamespace="http://decplex:8000/ibis/ws/1238587040901/SimulationInformationProvider"&gt;&lt;xsd:element name="getWaitingModules"&gt;&lt;xsd:complexType&gt;&lt;xsd:sequence&gt;&lt;xsd:element maxOccurs="1" minOccurs="1" name="moduleID" type="xsd:string"/&gt;&lt;xsd:element maxOccurs="1" minOccurs="1" name="user" type="xsd:string"/&gt;&lt;xsd:element maxOccurs="1" minOccurs="1" name="password" type="xsd:string"/&gt;&lt;/xsd:sequence&gt;&lt;/xsd:complexType&gt;&lt;/xsd:element&gt;&lt;xsd:element name="getWaitingModulesResponse"&gt;&lt;xsd:complexType&gt;&lt;xsd:sequence&gt;&lt;xsd:element maxOccurs="1" minOccurs="1" name="waitingModules" type="xsd:integer"/&gt;&lt;/xsd:sequence&gt;&lt;/xsd:complexType&gt;&lt;/xsd:element&gt;&lt;xsd:element name="getExecutionTimes"&gt;&lt;xsd:complexType&gt;&lt;xsd:sequence&gt;&lt;xsd:element maxOccurs="1" minOccurs="1" name="moduleID" type="xsd:string"/&gt;&lt;xsd:element maxOccurs="1" minOccurs="1" name="startTime" type="xsd:string"/&gt;&lt;xsd:element maxOccurs="1" minOccurs="1" name="endTime" type="xsd:string"/&gt;&lt;xsd:element maxOccurs="1" minOccurs="1" name="user" type="xsd:string"/&gt;&lt;xsd:element maxOccurs="1" minOccurs="1" name="password" type="xsd:string"/&gt;&lt;/xsd:sequence&gt;&lt;/xsd:complexType&gt;&lt;/xsd:element&gt;&lt;xsd:element name="getExecutionTimesResponse"&gt;&lt;xsd:complexType&gt;&lt;xsd:sequence&gt;&lt;xsd:element maxOccurs="1" minOccurs="1" name="executionTimes"&gt;&lt;xsd:complexType&gt;&lt;xsd:sequence&gt;&lt;xsd:element maxOccurs="unbounded" minOccurs="0" name="time" type="xsd:integer"/&gt;&lt;/xsd:sequence&gt;&lt;/xsd:complexType&gt;&lt;/xsd:element&gt;&lt;xsd:element maxOccurs="1" minOccurs="1" name="totalTime" type="xsd:integer"/&gt;&lt;xsd:element maxOccurs="1" minOccurs="1" name="avgTime" type="xsd:integer"/&gt;&lt;xsd:element maxOccurs="1" minOccurs="1" name="count" type="xsd:integer"/&gt;&lt;/xsd:sequence&gt;&lt;/xsd:complexType&gt;&lt;/xsd:element&gt;&lt;/xsd:schema&gt;
    &lt;xs:schema xmlns:xs="http://www.w3.org/2001/XMLSchema" targetNamespace="http://www.w3.org/2005/05/xmlmime"&gt; &lt;xs:attribute name="contentType"&gt;    &lt;xs:simpleType&gt;      &lt;xs:restriction base="xs:string"&gt;      &lt;xs:minLength value="3"/&gt;      &lt;/xs:restriction&gt;    &lt;/xs:simpleType&gt; &lt;/xs:attribute&gt; &lt;xs:attribute name="expectedContentTypes" type="xs:string"/&gt; &lt;xs:complexType name="base64Binary"&gt;     &lt;xs:simpleContent&gt;        &lt;xs:extension base="xs:base64Binary"&gt;            &lt;xs:attribute ref="xmime:contentType"/&gt;        &lt;/xs:extension&gt;    &lt;/xs:simpleContent&gt;&lt;/xs:complexType&gt; &lt;xs:complexType name="hexBinary"&gt;     &lt;xs:simpleContent&gt;        &lt;xs:extension base="xs:hexBinary"&gt;            &lt;xs:attribute ref="xmime:contentType"/&gt;        &lt;/xs:extension&gt;    &lt;/xs:simpleContent&gt;&lt;/xs:complexType&gt;&lt;/xs:schema&gt;
  &lt;/wsdl:types&gt;
  &lt;wsdl:message name="getExecutionTimesResponse"&gt;
    &lt;wsdl:part name="parameters" element="wsc:getExecutionTimesResponse"&gt;
    &lt;/wsdl:part&gt;
  &lt;/wsdl:message&gt;
  &lt;wsdl:message name="getWaitingModules"&gt;
    &lt;wsdl:part name="parameters" element="wsc:getWaitingModules"&gt;
    &lt;/wsdl:part&gt;
  &lt;/wsdl:message&gt;
  &lt;wsdl:message name="getExecutionTimes"&gt;
    &lt;wsdl:part name="parameters" element="wsc:getExecutionTimes"&gt;
    &lt;/wsdl:part&gt;
  &lt;/wsdl:message&gt;
  &lt;wsdl:message name="getWaitingModulesResponse"&gt;
    &lt;wsdl:part name="parameters" element="wsc:getWaitingModulesResponse"&gt;
    &lt;/wsdl:part&gt;
  &lt;/wsdl:message&gt;
  &lt;wsdl:portType name="SimulationInformationProviderPortType"&gt;
    &lt;wsdl:operation name="getWaitingModules"&gt;
      &lt;wsdl:input name="getWaitingModules" message="wsc:getWaitingModules"&gt;
    &lt;/wsdl:input&gt;
      &lt;wsdl:output name="getWaitingModulesResponse" message="wsc:getWaitingModulesResponse"&gt;
    &lt;/wsdl:output&gt;
    &lt;/wsdl:operation&gt;
    &lt;wsdl:operation name="getExecutionTimes"&gt;
      &lt;wsdl:input name="getExecutionTimes" message="wsc:getExecutionTimes"&gt;
    &lt;/wsdl:input&gt;
      &lt;wsdl:output name="getExecutionTimesResponse" message="wsc:getExecutionTimesResponse"&gt;
    &lt;/wsdl:output&gt;
    &lt;/wsdl:operation&gt;
  &lt;/wsdl:portType&gt;
  &lt;wsdl:binding name="SimulationInformationProviderBinding" type="wsc:SimulationInformationProviderPortType"&gt;
    &lt;wsdlsoap:binding style="document" transport="http://schemas.xmlsoap.org/soap/http"/&gt;
    &lt;wsdl:operation name="getWaitingModules"&gt;
      &lt;wsdlsoap:operation soapAction="getWaitingModules"/&gt;
      &lt;wsdl:input name="getWaitingModules"&gt;
        &lt;wsdlsoap:body parts="parameters" use="literal"/&gt;
      &lt;/wsdl:input&gt;
      &lt;wsdl:output name="getWaitingModulesResponse"&gt;
        &lt;wsdlsoap:body parts="parameters" use="literal"/&gt;
      &lt;/wsdl:output&gt;
    &lt;/wsdl:operation&gt;
    &lt;wsdl:operation name="getExecutionTimes"&gt;
      &lt;wsdlsoap:operation soapAction="getExecutionTimes"/&gt;
      &lt;wsdl:input name="getExecutionTimes"&gt;
        &lt;wsdlsoap:body parts="parameters" use="literal"/&gt;
      &lt;/wsdl:input&gt;
      &lt;wsdl:output name="getExecutionTimesResponse"&gt;
        &lt;wsdlsoap:body parts="parameters" use="literal"/&gt;
      &lt;/wsdl:output&gt;
    &lt;/wsdl:operation&gt;
  &lt;/wsdl:binding&gt;
  &lt;wsdl:service name="SimulationInformationProvider"&gt;
    &lt;wsdl:port name="SimulationInformationProviderPort" binding="wsc:SimulationInformationProviderBinding"&gt;
      &lt;wsdlsoap:address location="http://decplex:8000/ibis/ws/SimulationInformationProvider"/&gt;
    &lt;/wsdl:port&gt;
  &lt;/wsdl:service&gt;
&lt;/wsdl:definitions&gt;</WSDL>
                </WSDLs>
                <PartnerLinks>
                    <PartnerLink name="SimulationInformationProvider">
                        <ProvidedEndpoint>
                            <Properties version="4.1">
                                <Property name="ServiceName">SimulationInformationProvider</Property>
                                <Property name="TargetNamespace">http://decplex:8000/ibis/ws/1238587040901/SimulationInformationProvider</Property>
                                <Property name="PortName">SimulationInformationProviderPort</Property>
                                <Property name="ListenerConnector" type="Boolean">true</Property>
                                <Property name="UseUDDILateBinding" type="Boolean">false</Property>
                                <Property name="BindingStyle">document</Property>
                                <Property name="LiteralStyle" type="Boolean">true</Property>
                                <Property name="SOAPVersion">1.1</Property>
                                <Property name="ServerName">http://decplex:8000/ibis/ws/SimulationInformationProvider</Property>
                                <Property name="BindingMessagePartsCache" type="Map">
                                    <Property name="getWaitingModules_INPUT_BODY">parameters</Property>
                                    <Property name="getWaitingModules_OUTPUT_BODY">parameters</Property>
                                    <Property name="getExecutionTimes_INPUT_BODY">parameters</Property>
                                    <Property name="getExecutionTimes_OUTPUT_BODY">parameters</Property>
                                </Property>
                                <Property name="useMetro" type="Boolean">true</Property>
                                <Property name="TemplateFile"/>
                                <Property name="AsynchronousMode" type="Boolean">false</Property>
                                <Property name="Auth" type="Boolean">false</Property>
                                <Property name="MTOMAttachments" type="Boolean">false</Property>
                                <Property name="ValidateRequest" type="Boolean">false</Property>
                                <Property name="ValidateResponse" type="Boolean">false</Property>
                                <Property name="validateOut" type="Boolean">false</Property>
                                <Property name="UseOriginalWsdl" type="Boolean">false</Property>
                                <Property name="W3CVersionCompatibility"> .Net 3.0 / Metro 1.0 </Property>
                                <Property name="WsdlFile"/>
                                <Property name="WsdlUrl"/>
                                <Property name="WsdlUddiServiceName"/>
                                <Property name="WsdlUddiURL"/>
                            </Properties>
                        </ProvidedEndpoint>
                    </PartnerLink>
                </PartnerLinks>
                <WorkflowModule moduleType="Pick">
                    <ModuleId>16432033</ModuleId>
                    <ModuleName>Pick</ModuleName>
                    <EndLoopId>16432034</EndLoopId>
                    <StyleSheet height="530" width="970" xPos="15" yPos="15"/>
                </WorkflowModule>
                <WorkflowModule moduleType="endLoop">
                    <ModuleId>16432034</ModuleId>
                </WorkflowModule>
                <WorkflowModule moduleType="Label">
                    <ModuleId>16434661</ModuleId>
                    <StyleSheet height="230" width="940" xPos="40" yPos="40"/>
                    <ParentModule moduleId="16432033"/>
                </WorkflowModule>
            </Workflow>
        </WorkflowGroup>
    </Workflows>
</IBISWorkflow>
