<?xml version="1.0" encoding="UTF-8"?><IBISWorkflow version="5.3">
  <Workflows>
    <WorkflowGroup>
      <WorkflowGroupName>Semantics</WorkflowGroupName>
      <Workflow version="head" workflowType="technical">
        <WorkflowName>REST_Interface</WorkflowName>
        <WorkflowUId>-362a5b1:12a5b144174:-7f17</WorkflowUId>
        <CheckinComment>@@@Server: SATEBLUEPLEX@@@Version: 14@@@01.10.2010 15:23:02@@@</CheckinComment>
        <IsActive>true</IsActive>
        <XPathVersion>1.0</XPathVersion>
        <WorkflowModule moduleType="technical">
          <ModuleId>16439662</ModuleId>
          <ModuleName>REST_ReturnError</ModuleName>
          <ParentModule moduleId="16436294"/>
          <StyleSheet xPos="650" yPos="320"/>
          <Assignments>
            <copy ignoreMissingFromData="no">
              <from transformationParams="ISErrorString" transformationSourceUseDataStream="true" transformerFactory="net.sf.saxon.TransformerFactoryImpl" useEmbeddedXsl="true">
                <xsl name="652585c3-c0a8-0086-51e1-2a3ad5e3d7e9">&lt;?xml version="1.0" encoding="UTF-8"?&gt;
&lt;xsl:stylesheet xmlns:xsl="http://www.w3.org/1999/XSL/Transform" version="2.0"&gt;  
  &lt;xsl:output method="text" encoding="UTF-8"/&gt;
  &lt;xsl:param name="ISErrorString"&gt;(ISErrorStringContent)&lt;/xsl:param&gt;
  &lt;xsl:template match="/"&gt;&lt;xsl:choose&gt;&lt;xsl:when test="$ISErrorString='Falsches Passwort'"&gt;403&lt;/xsl:when&gt;&lt;xsl:otherwise&gt;500&lt;/xsl:otherwise&gt;&lt;/xsl:choose&gt;
     
  &lt;/xsl:template&gt; 
&lt;/xsl:stylesheet&gt;</xsl>
              </from>
              <to variable="restConnector.responseStatusCode"/>
            </copy>
            <copy ignoreMissingFromData="no">
              <from>
                <literal>Content-Type: text/html</literal>
              </from>
              <to variable="restConnector.responseHeaders"/>
            </copy>
          </Assignments>
        </WorkflowModule>
        <WorkflowModule moduleType="technical">
          <ModuleId>16436231</ModuleId>
          <ModuleName>WS_TW_ImportWorkflow</ModuleName>
          <ParentModule moduleId="16436294"/>
          <StyleSheet xPos="390" yPos="240"/>
          <Connection moduleOutId="16436229">
            <ConnectionId>61</ConnectionId>
            <StyleSheet labelPosition="50.0"/>
          </Connection>
        </WorkflowModule>
        <WorkflowModule moduleType="technical">
          <ModuleId>10791500</ModuleId>
          <ModuleName>REST_ReturnWorkflows</ModuleName>
          <ParentModule moduleId="10791797"/>
          <StyleSheet xPos="650" yPos="70"/>
        </WorkflowModule>
        <WorkflowModule moduleType="technical">
          <ModuleId>10781639</ModuleId>
          <ModuleName>WS_TW_ReturnProperties</ModuleName>
          <ParentModule moduleId="10783023"/>
          <StyleSheet xPos="670" yPos="870"/>
        </WorkflowModule>
        <WorkflowModule moduleType="technical">
          <ModuleId>16435557</ModuleId>
          <ModuleName>WS_TW_ReturnWorkflow</ModuleName>
          <ParentModule moduleId="16436293"/>
          <StyleSheet xPos="810" yPos="1210"/>
        </WorkflowModule>
        <WorkflowModule moduleType="technical">
          <ModuleId>16436466</ModuleId>
          <ModuleName>REST_GetUsers</ModuleName>
          <StyleSheet xPos="30" yPos="70"/>
          <Connection moduleOutId="16439286">
            <ConnectionId>43</ConnectionId>
            <StyleSheet labelPosition="50.0"/>
          </Connection>
        </WorkflowModule>
        <WorkflowModule moduleType="technical">
          <ModuleId>10783030</ModuleId>
          <ModuleName>WS_TW_GetUsers</ModuleName>
          <ParentModule moduleId="10783315"/>
          <StyleSheet xPos="340" yPos="1080"/>
          <Connection moduleOutId="10783060">
            <ConnectionId>62</ConnectionId>
            <StyleSheet labelPosition="50.0"/>
          </Connection>
        </WorkflowModule>
        <WorkflowModule moduleType="technical">
          <ModuleId>10781253</ModuleId>
          <ModuleName>WS_TW_SetModuleProperty</ModuleName>
          <ParentModule moduleId="10783026"/>
          <StyleSheet xPos="340" yPos="970"/>
          <Connection moduleOutId="10781261">
            <ConnectionId>54</ConnectionId>
            <StyleSheet labelPosition="50.0"/>
          </Connection>
        </WorkflowModule>
        <WorkflowModule moduleType="technical">
          <ModuleId>16437962</ModuleId>
          <ModuleName>REST_ReturnError</ModuleName>
          <ParentModule moduleId="16435010"/>
          <StyleSheet xPos="640" yPos="510"/>
          <Assignments>
            <copy ignoreMissingFromData="no">
              <from transformationParams="ISErrorString" transformationSourceUseDataStream="true" transformerFactory="net.sf.saxon.TransformerFactoryImpl" useEmbeddedXsl="true">
                <xsl name="652585c3-c0a8-0086-51e1-2a3ad5e3d7e9">&lt;?xml version="1.0" encoding="UTF-8"?&gt;
&lt;xsl:stylesheet xmlns:xsl="http://www.w3.org/1999/XSL/Transform" version="2.0"&gt;  
  &lt;xsl:output method="text" encoding="UTF-8"/&gt;
  &lt;xsl:param name="ISErrorString"&gt;(ISErrorStringContent)&lt;/xsl:param&gt;
  &lt;xsl:template match="/"&gt;&lt;xsl:choose&gt;&lt;xsl:when test="$ISErrorString='Falsches Passwort'"&gt;403&lt;/xsl:when&gt;&lt;xsl:otherwise&gt;500&lt;/xsl:otherwise&gt;&lt;/xsl:choose&gt;
     
  &lt;/xsl:template&gt; 
&lt;/xsl:stylesheet&gt;</xsl>
              </from>
              <to variable="restConnector.responseStatusCode"/>
            </copy>
            <copy ignoreMissingFromData="no">
              <from>
                <literal>Content-Type: text/html</literal>
              </from>
              <to variable="restConnector.responseHeaders"/>
            </copy>
          </Assignments>
        </WorkflowModule>
        <WorkflowModule moduleType="technical">
          <ModuleId>10781187</ModuleId>
          <ModuleName>WS_TW_RetrieveModules</ModuleName>
          <ParentModule moduleId="10783020"/>
          <StyleSheet xPos="340" yPos="750"/>
          <Connection moduleOutId="10781193">
            <ConnectionId>41</ConnectionId>
            <StyleSheet labelPosition="50.0"/>
          </Connection>
        </WorkflowModule>
        <WorkflowModule moduleType="technical">
          <ModuleId>16437961</ModuleId>
          <ModuleName>REST_GetWorkflow</ModuleName>
          <StyleSheet xPos="30" yPos="430"/>
          <Connection moduleOutId="16439799">
            <ConnectionId>23</ConnectionId>
            <StyleSheet labelPosition="50.0"/>
          </Connection>
        </WorkflowModule>
        <WorkflowModule moduleType="technical">
          <ModuleId>10781245</ModuleId>
          <ModuleName>REST_ISConfig</ModuleName>
          <ParentModule moduleId="10783023"/>
          <StyleSheet xPos="500" yPos="870"/>
          <Connection moduleOutId="10781639">
            <ConnectionId>21</ConnectionId>
            <StyleSheet labelPosition="50.0"/>
          </Connection>
        </WorkflowModule>
        <WorkflowModule moduleType="technical">
          <ModuleId>16439799</ModuleId>
          <ModuleName>REST_MethodDispatcher</ModuleName>
          <ParentModule moduleId="16435010"/>
          <StyleSheet xPos="160" yPos="430"/>
          <Assignments>
            <copy ignoreMissingFromData="no">
              <from contentType="application/octet-stream" useInputDataStream="true"/>
              <to contentEncoding="UTF-8" useInputDataStream="true"/>
            </copy>
          </Assignments>
          <Properties version="4.1">
            <Property name="join(16439801)@@@DeMuxInput">restConnector.requestMethod@@@WFSP=@@@POST</Property>
            <Property name="WS_TW_GetWFProperties(16434757)@@@ProcessingOrder">3</Property>
            <Property name="DefaultOutput">WS_TW_GetWFProperties(16434757)</Property>
            <Property name="join(16439801)@@@ProcessingOrder">2</Property>
            <Property name="REST_DeleteModel(16440082)@@@DeMuxInput">restConnector.requestMethod@@@WFSP=@@@DELETE</Property>
          </Properties>
          <Connection moduleOutId="16439801">
            <ConnectionId>66</ConnectionId>
            <StyleSheet labelPosition="50.0">
              <Junctures>
                <Point xPos="220" yPos="450"/>
                <Point xPos="250" yPos="450"/>
                <Point xPos="250" yPos="450"/>
                <Point xPos="250" yPos="260"/>
                <Point xPos="250" yPos="260"/>
                <Point xPos="270" yPos="260"/>
              </Junctures>
            </StyleSheet>
          </Connection>
          <Connection moduleOutId="16434757">
            <ConnectionId>67</ConnectionId>
            <StyleSheet labelPosition="50.0"/>
          </Connection>
          <Connection moduleOutId="16440082">
            <ConnectionId>57</ConnectionId>
            <StyleSheet labelPosition="50.0">
              <Junctures>
                <Point xPos="220" yPos="450"/>
                <Point xPos="250" yPos="450"/>
                <Point xPos="250" yPos="450"/>
                <Point xPos="250" yPos="600"/>
                <Point xPos="250" yPos="600"/>
                <Point xPos="310" yPos="600"/>
              </Junctures>
            </StyleSheet>
          </Connection>
        </WorkflowModule>
        <WorkflowModule moduleType="technical">
          <ModuleId>16440082</ModuleId>
          <ModuleName>REST_DeleteModel</ModuleName>
          <ParentModule moduleId="16435010"/>
          <StyleSheet xPos="310" yPos="580"/>
          <Connection moduleOutId="16440758">
            <ConnectionId>68</ConnectionId>
          </Connection>
        </WorkflowModule>
        <WorkflowModule moduleType="technical">
          <ModuleId>16436229</ModuleId>
          <ModuleName>REST_ISConfig</ModuleName>
          <ParentModule moduleId="16436294"/>
          <StyleSheet xPos="480" yPos="240"/>
          <Connection moduleOutId="16436292">
            <ConnectionId>59</ConnectionId>
            <StyleSheet labelPosition="50.0"/>
          </Connection>
          <Connection moduleOutId="16439662" type="technicalError">
            <StyleSheet>
              <Junctures>
                <Point xPos="510" yPos="280"/>
                <Point xPos="510" yPos="340"/>
                <Point xPos="630" yPos="340"/>
                <Point xPos="630" yPos="340"/>
                <Point xPos="650" yPos="340"/>
              </Junctures>
            </StyleSheet>
          </Connection>
        </WorkflowModule>
        <WorkflowModule moduleType="technical">
          <ModuleId>16437317</ModuleId>
          <ModuleName>REST_ReturnError</ModuleName>
          <ParentModule moduleId="10791797"/>
          <StyleSheet xPos="650" yPos="140"/>
          <Assignments>
            <copy ignoreMissingFromData="no">
              <from transformationParams="ISErrorString" transformationSourceUseDataStream="true" transformerFactory="net.sf.saxon.TransformerFactoryImpl" useEmbeddedXsl="true">
                <xsl name="652585c3-c0a8-0086-51e1-2a3ad5e3d7e9">&lt;?xml version="1.0" encoding="UTF-8"?&gt;
&lt;xsl:stylesheet xmlns:xsl="http://www.w3.org/1999/XSL/Transform" version="2.0"&gt;  
  &lt;xsl:output method="text" encoding="UTF-8"/&gt;
  &lt;xsl:param name="ISErrorString"&gt;(ISErrorStringContent)&lt;/xsl:param&gt;
  &lt;xsl:template match="/"&gt;&lt;xsl:choose&gt;&lt;xsl:when test="$ISErrorString='Falsches Passwort'"&gt;403&lt;/xsl:when&gt;&lt;xsl:otherwise&gt;500&lt;/xsl:otherwise&gt;&lt;/xsl:choose&gt;
     
  &lt;/xsl:template&gt; 
&lt;/xsl:stylesheet&gt;</xsl>
              </from>
              <to variable="restConnector.responseStatusCode"/>
            </copy>
            <copy ignoreMissingFromData="no">
              <from>
                <literal>Content-Type: text/html</literal>
              </from>
              <to variable="restConnector.responseHeaders"/>
            </copy>
          </Assignments>
        </WorkflowModule>
        <WorkflowModule moduleType="technical">
          <ModuleId>16435189</ModuleId>
          <ModuleName>REST_ISConfig</ModuleName>
          <ParentModule moduleId="16436293"/>
          <StyleSheet xPos="500" yPos="1210"/>
          <Connection moduleOutId="16435447">
            <ConnectionId>58</ConnectionId>
            <StyleSheet labelPosition="50.0"/>
          </Connection>
        </WorkflowModule>
        <WorkflowModule moduleType="technical">
          <ModuleId>10781193</ModuleId>
          <ModuleName>REST_ISConfig</ModuleName>
          <ParentModule moduleId="10783020"/>
          <StyleSheet xPos="500" yPos="750"/>
          <Connection moduleOutId="10781473">
            <ConnectionId>29</ConnectionId>
            <StyleSheet labelPosition="50.0"/>
          </Connection>
        </WorkflowModule>
        <WorkflowModule moduleType="technical">
          <ModuleId>16435191</ModuleId>
          <ModuleName>WF_TW_ExportWorkflow</ModuleName>
          <ParentModule moduleId="16436293"/>
          <StyleSheet xPos="340" yPos="1210"/>
          <Connection moduleOutId="16435189">
            <ConnectionId>27</ConnectionId>
            <StyleSheet labelPosition="50.0"/>
          </Connection>
        </WorkflowModule>
        <WorkflowModule moduleType="technical">
          <ModuleId>16439286</ModuleId>
          <ModuleName>REST_MethodDispatcher</ModuleName>
          <ParentModule moduleId="10791797"/>
          <StyleSheet xPos="170" yPos="70"/>
          <Assignments>
            <copy ignoreMissingFromData="no">
              <from contentType="application/octet-stream" useInputDataStream="true"/>
              <to contentEncoding="UTF-8" useInputDataStream="true"/>
            </copy>
          </Assignments>
          <Properties version="4.1">
            <Property name="DefaultOutput">REST_RetrieveWorkflows(10791020)</Property>
            <Property name="REST_RetrieveWorkflows(10791020)@@@ProcessingOrder">2</Property>
            <Property name="join(16439801)@@@DeMuxInput">restConnector.requestMethod@@@WFSP=@@@POST</Property>
          </Properties>
          <Connection moduleOutId="16439801">
            <ConnectionId>45</ConnectionId>
            <StyleSheet labelPosition="50.0"/>
          </Connection>
          <Connection moduleOutId="10791020">
            <ConnectionId>44</ConnectionId>
            <StyleSheet labelPosition="50.0"/>
          </Connection>
        </WorkflowModule>
        <WorkflowModule moduleType="technical">
          <ModuleId>16434757</ModuleId>
          <ModuleName>WS_TW_GetWFProperties</ModuleName>
          <ParentModule moduleId="16435010"/>
          <StyleSheet xPos="310" yPos="430"/>
          <Connection moduleOutId="16434755">
            <ConnectionId>64</ConnectionId>
            <StyleSheet labelPosition="50.0"/>
          </Connection>
        </WorkflowModule>
        <WorkflowModule moduleType="technical">
          <ModuleId>16435447</ModuleId>
          <ModuleName>WS_TW_EncodeWorkflow</ModuleName>
          <ParentModule moduleId="16436293"/>
          <StyleSheet xPos="670" yPos="1210"/>
          <Assignments>
            <copy ignoreMissingFromData="no">
              <from contentEncoding="UTF-8" contentType="text/plain" useOutputDataStream="true"/>
              <to variable="stream"/>
            </copy>
          </Assignments>
          <Connection moduleOutId="16435557">
            <ConnectionId>20</ConnectionId>
            <StyleSheet labelPosition="50.0"/>
          </Connection>
        </WorkflowModule>
        <WorkflowModule moduleType="technical">
          <ModuleId>16434755</ModuleId>
          <ModuleName>REST_ISConfig</ModuleName>
          <ParentModule moduleId="16435010"/>
          <StyleSheet xPos="470" yPos="430"/>
          <Connection moduleOutId="16435009">
            <ConnectionId>55</ConnectionId>
            <StyleSheet labelPosition="50.0"/>
          </Connection>
          <Connection moduleOutId="16437962" type="technicalError">
            <StyleSheet>
              <Junctures>
                <Point xPos="500" yPos="470"/>
                <Point xPos="500" yPos="530"/>
                <Point xPos="620" yPos="530"/>
                <Point xPos="620" yPos="530"/>
                <Point xPos="640" yPos="530"/>
              </Junctures>
            </StyleSheet>
          </Connection>
        </WorkflowModule>
        <WorkflowModule moduleType="technical">
          <ModuleId>16436292</ModuleId>
          <ModuleName>WS_TW_ReturnImportResponse</ModuleName>
          <ParentModule moduleId="16436294"/>
          <StyleSheet xPos="650" yPos="240"/>
        </WorkflowModule>
        <WorkflowModule moduleType="technical">
          <ModuleId>10783060</ModuleId>
          <ModuleName>REST_ISConfig</ModuleName>
          <ParentModule moduleId="10783315"/>
          <StyleSheet xPos="500" yPos="1080"/>
          <Connection moduleOutId="10783280">
            <ConnectionId>1</ConnectionId>
            <StyleSheet labelPosition="50.0"/>
          </Connection>
        </WorkflowModule>
        <WorkflowModule moduleType="technical">
          <ModuleId>16435009</ModuleId>
          <ModuleName>WS_TW_ReturnWorkflowProperties</ModuleName>
          <ParentModule moduleId="16435010"/>
          <StyleSheet xPos="640" yPos="430"/>
        </WorkflowModule>
        <WorkflowModule moduleType="technical">
          <ModuleId>10783280</ModuleId>
          <ModuleName>WS_TW_ReturnUsers</ModuleName>
          <ParentModule moduleId="10783315"/>
          <StyleSheet xPos="670" yPos="1080"/>
        </WorkflowModule>
        <WorkflowModule moduleType="technical">
          <ModuleId>16439801</ModuleId>
          <ModuleName>join</ModuleName>
          <ParentModule moduleId="16436294"/>
          <StyleSheet xPos="270" yPos="240"/>
          <Connection moduleOutId="16436231">
            <ConnectionId>65</ConnectionId>
            <StyleSheet labelPosition="50.0"/>
          </Connection>
        </WorkflowModule>
        <WorkflowModule moduleType="technical">
          <ModuleId>16435100</ModuleId>
          <ModuleName>REST_ISConfig</ModuleName>
          <ParentModule moduleId="16436299"/>
          <StyleSheet xPos="530" yPos="1310"/>
        </WorkflowModule>
        <WorkflowModule moduleType="technical">
          <ModuleId>16435102</ModuleId>
          <ModuleName>WS_TW_UpdateWFProperties</ModuleName>
          <ParentModule moduleId="16436299"/>
          <StyleSheet xPos="400" yPos="1310"/>
          <Connection moduleOutId="16435100">
            <ConnectionId>63</ConnectionId>
            <StyleSheet labelPosition="50.0"/>
          </Connection>
        </WorkflowModule>
        <WorkflowModule moduleType="technical">
          <ModuleId>10781228</ModuleId>
          <ModuleName>WS_TW_RetrieveModuleProperties</ModuleName>
          <ParentModule moduleId="10783023"/>
          <StyleSheet xPos="340" yPos="870"/>
          <Connection moduleOutId="10781245">
            <ConnectionId>56</ConnectionId>
            <StyleSheet labelPosition="50.0"/>
          </Connection>
        </WorkflowModule>
        <WorkflowModule moduleType="technical">
          <ModuleId>10791117</ModuleId>
          <ModuleName>REST_ISConfig</ModuleName>
          <ParentModule moduleId="10791797"/>
          <StyleSheet xPos="480" yPos="70"/>
          <Connection moduleOutId="10791500">
            <ConnectionId>22</ConnectionId>
            <StyleSheet labelPosition="50.0"/>
          </Connection>
          <Connection moduleOutId="16437317" type="technicalError">
            <StyleSheet>
              <Junctures>
                <Point xPos="510" yPos="110"/>
                <Point xPos="510" yPos="160"/>
                <Point xPos="630" yPos="160"/>
                <Point xPos="630" yPos="160"/>
                <Point xPos="650" yPos="160"/>
              </Junctures>
            </StyleSheet>
          </Connection>
        </WorkflowModule>
        <WorkflowModule moduleType="technical">
          <ModuleId>10781261</ModuleId>
          <ModuleName>REST_ISConfig</ModuleName>
          <ParentModule moduleId="10783026"/>
          <StyleSheet xPos="500" yPos="970"/>
          <Connection moduleOutId="10782402">
            <ConnectionId>42</ConnectionId>
            <StyleSheet labelPosition="50.0"/>
          </Connection>
        </WorkflowModule>
        <WorkflowModule moduleType="technical">
          <ModuleId>10782402</ModuleId>
          <ModuleName>WS_TW_ReturnSetProperty</ModuleName>
          <ParentModule moduleId="10783026"/>
          <StyleSheet xPos="670" yPos="970"/>
        </WorkflowModule>
        <WorkflowModule moduleType="technical">
          <ModuleId>16440759</ModuleId>
          <ModuleName>REST_ReturnError</ModuleName>
          <ParentModule moduleId="16435010"/>
          <StyleSheet xPos="640" yPos="640"/>
          <Assignments>
            <copy ignoreMissingFromData="no">
              <from transformationParams="ISErrorString" transformationSourceUseDataStream="true" transformerFactory="net.sf.saxon.TransformerFactoryImpl" useEmbeddedXsl="true">
                <xsl name="652585c3-c0a8-0086-51e1-2a3ad5e3d7e9">&lt;?xml version="1.0" encoding="UTF-8"?&gt;
&lt;xsl:stylesheet xmlns:xsl="http://www.w3.org/1999/XSL/Transform" version="2.0"&gt;  
  &lt;xsl:output method="text" encoding="UTF-8"/&gt;
  &lt;xsl:param name="ISErrorString"&gt;(ISErrorStringContent)&lt;/xsl:param&gt;
  &lt;xsl:template match="/"&gt;&lt;xsl:choose&gt;&lt;xsl:when test="$ISErrorString='Falsches Passwort'"&gt;403&lt;/xsl:when&gt;&lt;xsl:otherwise&gt;500&lt;/xsl:otherwise&gt;&lt;/xsl:choose&gt;
     
  &lt;/xsl:template&gt; 
&lt;/xsl:stylesheet&gt;</xsl>
              </from>
              <to variable="restConnector.responseStatusCode"/>
            </copy>
            <copy ignoreMissingFromData="no">
              <from>
                <literal>Content-Type: text/html</literal>
              </from>
              <to variable="restConnector.responseHeaders"/>
            </copy>
          </Assignments>
        </WorkflowModule>
        <WorkflowModule moduleType="technical">
          <ModuleId>10781473</ModuleId>
          <ModuleName>WS_TW_ReturnModules</ModuleName>
          <ParentModule moduleId="10783020"/>
          <StyleSheet xPos="670" yPos="750"/>
        </WorkflowModule>
        <WorkflowModule moduleType="technical">
          <ModuleId>16440758</ModuleId>
          <ModuleName>REST_ISConfig</ModuleName>
          <ParentModule moduleId="16435010"/>
          <StyleSheet xPos="470" yPos="580"/>
          <Connection moduleOutId="16440759" type="technicalError">
            <StyleSheet>
              <Junctures>
                <Point xPos="500" yPos="620"/>
                <Point xPos="500" yPos="660"/>
                <Point xPos="620" yPos="660"/>
                <Point xPos="620" yPos="660"/>
                <Point xPos="640" yPos="660"/>
              </Junctures>
            </StyleSheet>
          </Connection>
        </WorkflowModule>
        <WorkflowModule moduleType="technical">
          <ModuleId>10791020</ModuleId>
          <ModuleName>REST_RetrieveWorkflows</ModuleName>
          <ParentModule moduleId="10791797"/>
          <StyleSheet xPos="320" yPos="70"/>
          <Connection moduleOutId="10791117">
            <ConnectionId>28</ConnectionId>
            <StyleSheet labelPosition="50.0"/>
          </Connection>
        </WorkflowModule>
        <Variables xmlns:is="http://inubit.com/variables/types" xmlns:xs="http://www.w3.org/2001/XMLSchema">
          <Variable name="stream" type="xs:string"/>
          <Variable name="restConnector.responseStatusCode" type="xs:int"/>
          <Variable name="moduleName" type="xs:string"/>
          <Variable name="userPassword" type="xs:string"/>
          <Variable name="restConnector.requestMethod" type="xs:string"/>
          <Variable name="restConnector.responseHeaders" type="is:anyElement"/>
          <Variable name="userName" type="xs:string"/>
        </Variables>
        <WorkflowModule moduleType="Label">
          <ModuleId>10783026</ModuleId>
          <ModuleName>:setProperties</ModuleName>
          <StyleSheet bgColor="ccff9964" fontStyle="1" height="90" width="680" xPos="170" yPos="935"/>
        </WorkflowModule>
        <WorkflowModule moduleType="Label">
          <ModuleId>10791797</ModuleId>
          <ModuleName>/models</ModuleName>
          <StyleSheet fontStyle="1" height="170" width="680" xPos="150" yPos="30"/>
        </WorkflowModule>
        <WorkflowModule moduleType="Label">
          <ModuleId>10783020</ModuleId>
          <ModuleName>:getModules</ModuleName>
          <StyleSheet fontStyle="1" height="90" width="680" xPos="170" yPos="715"/>
        </WorkflowModule>
        <WorkflowModule moduleType="Label">
          <ModuleId>10783023</ModuleId>
          <ModuleName>:getProperties</ModuleName>
          <StyleSheet bgColor="ffcccc64" fontStyle="1" height="100" width="680" xPos="170" yPos="820"/>
        </WorkflowModule>
        <WorkflowModule moduleType="Label">
          <ModuleId>16436294</ModuleId>
          <ModuleName>:importWorkflowAsBase64</ModuleName>
          <StyleSheet bgColor="ffcccc64" height="170" width="680" xPos="150" yPos="210"/>
        </WorkflowModule>
        <WorkflowModule moduleType="Label">
          <ModuleId>16436293</ModuleId>
          <ModuleName>:getWorkflowAsBase64</ModuleName>
          <StyleSheet bgColor="66ffff64" height="90" width="740" xPos="170" yPos="1170"/>
        </WorkflowModule>
        <WorkflowModule moduleType="Label">
          <ModuleId>10783315</ModuleId>
          <ModuleName>:getUsers</ModuleName>
          <StyleSheet bgColor="ffffcc64" fontStyle="1" height="100" width="680" xPos="170" yPos="1040"/>
        </WorkflowModule>
        <WorkflowModule moduleType="Label">
          <ModuleId>16436299</ModuleId>
          <ModuleName>not sufficient yet</ModuleName>
          <StyleSheet height="100" width="290" xPos="350" yPos="1270"/>
        </WorkflowModule>
        <WorkflowModule moduleType="Comment">
          <ModuleId>16438211</ModuleId>
          <ModuleName>PUT, POST, DELETE Support will be added!</ModuleName>
          <StyleSheet xPos="800" yPos="430"/>
          <ParentModule moduleId="16435010"/>
        </WorkflowModule>
        <WorkflowModule moduleType="Label">
          <ModuleId>16435010</ModuleId>
          <ModuleName>/models/&lt;id&gt;</ModuleName>
          <StyleSheet bgColor="00999964" fontStyle="1" height="310" width="670" xPos="150" yPos="390"/>
        </WorkflowModule>
      </Workflow>
    </WorkflowGroup>
  </Workflows>
</IBISWorkflow>
