<?xml version="1.0" encoding="UTF-8"?><IBISWorkflow version="5.3">
  <Workflows>
    <WorkflowGroup>
      <WorkflowGroupName>Prozessbeschreibungen IT</WorkflowGroupName>
      <Workflow version="head" workflowType="bpd">
        <WorkflowName>Wareneingang_Gesamtuebersicht</WorkflowName>
        <WorkflowUId>3314b803:12aad3fa3c1:-7fff</WorkflowUId>
        <CheckinComment>@@@Server: RUTINUBITTEST.rutronik.int@@@Version: 1@@@26.08.2010 10:29:22@@@</CheckinComment>
        <IsActive>true</IsActive>
        <XPathVersion>1.0</XPathVersion>
        <WorkflowModule moduleType="Task">
          <ModuleId>17130017</ModuleId>
          <ModuleName>Verarbeitung EDI</ModuleName>
          <ParentModule moduleId="17130002"/>
          <StyleSheet xPos="80" yPos="190"/>
          <Properties version="4.1">
            <Property name="ModuleSpecific" type="Map">
              <Property name="StartQuantity" type="Integer">1</Property>
              <Property name="CompletionQuantity" type="Integer">1</Property>
              <Property name="LoopType">None</Property>
              <Property name="TaskType">None</Property>
              <Property name="GlobalTask" type="Boolean">false</Property>
            </Property>
          </Properties>
          <Connection moduleOutId="17130020" type="SequenceFlow">
            <ConnectionId>17130035</ConnectionId>
            <Properties version="4.1">
              <Property name="ModuleSpecific" type="Map">
                <Property name="ConditionType">None</Property>
              </Property>
            </Properties>
          </Connection>
        </WorkflowModule>
        <WorkflowModule moduleType="PoolLane">
          <ModuleId>17130004</ModuleId>
          <ModuleName>Prozess Rutronik Vorschnittstelle - TSP</ModuleName>
          <ParentModule moduleId="17130001"/>
          <StyleSheet height="419" width="229" xPos="431" yPos="80"/>
        </WorkflowModule>
        <WorkflowModule moduleType="StartEvent">
          <ModuleId>17130016</ModuleId>
          <ModuleName>Start Prozess Wareneingang</ModuleName>
          <ParentModule moduleId="17130002"/>
          <StyleSheet xPos="90" yPos="100"/>
          <Properties version="4.1">
            <Property name="ModuleSpecific" type="Map">
              <Property name="TriggerType">None</Property>
              <Property name="IsInterrupting" type="Boolean">true</Property>
            </Property>
          </Properties>
          <Connection moduleOutId="17130017" type="SequenceFlow">
            <ConnectionId>17130034</ConnectionId>
            <Properties version="4.1">
              <Property name="ModuleSpecific" type="Map">
                <Property name="ConditionType">None</Property>
              </Property>
            </Properties>
          </Connection>
        </WorkflowModule>
        <WorkflowModule moduleType="Task">
          <ModuleId>17130020</ModuleId>
          <ModuleName>Verarbeitung ASN - Rutronik Vorschnittstelle</ModuleName>
          <ParentModule moduleId="17130003"/>
          <StyleSheet xPos="304" yPos="140"/>
          <Properties version="4.1">
            <Property name="ModuleSpecific" type="Map">
              <Property name="StartQuantity" type="Integer">1</Property>
              <Property name="CompletionQuantity" type="Integer">1</Property>
              <Property name="LoopType">None</Property>
              <Property name="TaskType">None</Property>
              <Property name="GlobalTask" type="Boolean">false</Property>
            </Property>
          </Properties>
          <Connection moduleOutId="17130023" type="SequenceFlow">
            <ConnectionId>17130036</ConnectionId>
            <Properties version="4.1">
              <Property name="ModuleSpecific" type="Map">
                <Property name="ConditionType">None</Property>
              </Property>
            </Properties>
          </Connection>
        </WorkflowModule>
        <WorkflowModule moduleType="PoolVertical">
          <ModuleId>17130001</ModuleId>
          <ModuleName>Prozess elektronischer Wareneingang</ModuleName>
          <StyleSheet height="440" width="881" xPos="40" yPos="60"/>
        </WorkflowModule>
        <WorkflowModule moduleType="PoolLane">
          <ModuleId>17130013</ModuleId>
          <ModuleName>Prozess TSP - alpha</ModuleName>
          <ParentModule moduleId="17130001"/>
          <StyleSheet height="419" width="259" xPos="661" yPos="80"/>
        </WorkflowModule>
        <WorkflowModule moduleType="PoolLane">
          <ModuleId>17130003</ModuleId>
          <ModuleName>Prozess ASN - Rutronik Vorschnittstelle</ModuleName>
          <ParentModule moduleId="17130001"/>
          <StyleSheet height="419" width="219" xPos="211" yPos="80"/>
        </WorkflowModule>
        <WorkflowModule moduleType="PoolLane">
          <ModuleId>17130002</ModuleId>
          <ModuleName>Prozess EDI</ModuleName>
          <ParentModule moduleId="17130001"/>
          <StyleSheet height="419" width="169" xPos="41" yPos="80"/>
        </WorkflowModule>
        <WorkflowModule moduleType="Task">
          <ModuleId>17130023</ModuleId>
          <ModuleName>Verarbeitung TSP</ModuleName>
          <ParentModule moduleId="17130004"/>
          <StyleSheet xPos="470" yPos="150"/>
          <Properties version="4.1">
            <Property name="ModuleSpecific" type="Map">
              <Property name="StartQuantity" type="Integer">1</Property>
              <Property name="CompletionQuantity" type="Integer">1</Property>
              <Property name="LoopType">None</Property>
              <Property name="TaskType">None</Property>
              <Property name="GlobalTask" type="Boolean">false</Property>
            </Property>
          </Properties>
          <Connection moduleOutId="17130026" type="SequenceFlow">
            <ConnectionId>17130037</ConnectionId>
            <Properties version="4.1">
              <Property name="ModuleSpecific" type="Map">
                <Property name="ConditionType">None</Property>
              </Property>
            </Properties>
          </Connection>
        </WorkflowModule>
        <WorkflowModule moduleType="StopEvent">
          <ModuleId>17130029</ModuleId>
          <ModuleName>Ende Prozess Wareneingang</ModuleName>
          <ParentModule moduleId="17130013"/>
          <StyleSheet xPos="775" yPos="295"/>
          <Properties version="4.1">
            <Property name="ModuleSpecific" type="Map">
              <Property name="ResultType">None</Property>
            </Property>
          </Properties>
        </WorkflowModule>
        <WorkflowModule moduleType="Task">
          <ModuleId>17130026</ModuleId>
          <ModuleName>Verarbeitung alpha</ModuleName>
          <ParentModule moduleId="17130013"/>
          <StyleSheet xPos="730" yPos="130"/>
          <Properties version="4.1">
            <Property name="ModuleSpecific" type="Map">
              <Property name="StartQuantity" type="Integer">1</Property>
              <Property name="CompletionQuantity" type="Integer">1</Property>
              <Property name="LoopType">None</Property>
              <Property name="TaskType">None</Property>
              <Property name="GlobalTask" type="Boolean">false</Property>
            </Property>
          </Properties>
          <Connection moduleOutId="17130029" type="SequenceFlow">
            <ConnectionId>17130038</ConnectionId>
            <Properties version="4.1">
              <Property name="ModuleSpecific" type="Map">
                <Property name="ConditionType">None</Property>
              </Property>
            </Properties>
          </Connection>
        </WorkflowModule>
      </Workflow>
    </WorkflowGroup>
  </Workflows>
</IBISWorkflow>
