<?xml version="1.0" encoding="UTF-8"?><IBISWorkflow version="5.3">
  <Workflows>
    <WorkflowGroup>
      <WorkflowGroupName>ARISImport</WorkflowGroupName>
      <Workflow version="head" workflowType="bpd">
        <WorkflowName>Manage Sales Data DPODP.1.1</WorkflowName>
        <WorkflowUId>-24681f9c:124009491c1:-7fff</WorkflowUId>
        <Comment>Further Description is not defined yet</Comment>
        <CheckinComment>@@@Server: obelix.inubit.com@@@Version: 1@@@28.09.2009 14:19:00@@@</CheckinComment>
        <IsActive>true</IsActive>
        <XPathVersion>1.0</XPathVersion>
        <Properties version="4.1">
          <Property name="PNSimulation.AvailableResourcesTable" type="List"/>
        </Properties>
        <WorkflowModule moduleType="IntermediateEvent">
          <ModuleId>77</ModuleId>
          <ModuleName>Planning Responsibility Area</ModuleName>
          <StyleSheet xPos="2065" yPos="2555"/>
          <Properties version="4.1">
            <Property name="ModuleSpecific" type="Map">
              <Property name="TriggerType">None</Property>
              <Property name="CancelActivity" type="Boolean">true</Property>
            </Property>
          </Properties>
          <Connection moduleOutId="75" type="SequenceFlow">
            <ConnectionNames version="4.1"/>
            <Comments version="4.1"/>
            <ConnectionId>119</ConnectionId>
          </Connection>
        </WorkflowModule>
        <WorkflowModule moduleType="DataObject">
          <ModuleId>35</ModuleId>
          <ModuleName>Sales Order</ModuleName>
          <StyleSheet xPos="415" yPos="2885"/>
          <Properties version="4.1">
            <Property name="ModuleSpecific" type="Map">
              <Property name="IsCollection" type="Boolean">false</Property>
            </Property>
          </Properties>
          <Comment>Further Description is not defined yet</Comment>
        </WorkflowModule>
        <WorkflowModule moduleType="CallActivity">
          <ModuleId>36</ModuleId>
          <ModuleName>Create 
Monthly Split
(DP/ODP) </ModuleName>
          <StyleSheet xPos="2815" yPos="2005"/>
          <Properties version="4.1">
            <Property name="ModuleSpecific" type="Map">
              <Property name="StartQuantity" type="Integer">1</Property>
              <Property name="CompletionQuantity" type="Integer">1</Property>
              <Property name="LoopType">None</Property>
              <Property name="PNSimulation.useLaneCost" type="Boolean">false</Property>
              <Property name="PNSimulation.numberOfEmployees" type="Integer">1</Property>
              <Property name="PNSimulation.NeededResourcesTable" type="List"/>
              <Property name="PNSimulation.ProducedResourcesTable" type="List"/>
            </Property>
          </Properties>
          <Comment>The monthly split is being used to split the marketing range forecast and promotion forecast from a seasonal to a month level. Different monthly splits are used, based on the article's distribution</Comment>
        </WorkflowModule>
        <WorkflowModule moduleType="Task">
          <ModuleId>33</ModuleId>
          <ModuleName>Split sales order 
volumes to SS / FW 
for sFC</ModuleName>
          <StyleSheet xPos="2965" yPos="1675"/>
          <Properties version="4.1">
            <Property name="ModuleSpecific" type="Map">
              <Property name="StartQuantity" type="Integer">1</Property>
              <Property name="CompletionQuantity" type="Integer">1</Property>
              <Property name="LoopType">None</Property>
              <Property name="PNSimulation.useLaneCost" type="Boolean">false</Property>
              <Property name="PNSimulation.numberOfEmployees" type="Integer">1</Property>
              <Property name="PNSimulation.NeededResourcesTable" type="List"/>
              <Property name="PNSimulation.ProducedResourcesTable" type="List"/>
              <Property name="TaskType">Service</Property>
              <Property name="GlobalTask" type="Boolean">false</Property>
            </Property>
          </Properties>
          <Connection moduleOutId="37" type="SequenceFlow">
            <ConnectionNames version="4.1"/>
            <Comments version="4.1"/>
            <ConnectionId>113</ConnectionId>
          </Connection>
          <Connection moduleOutId="24" type="SequenceFlow">
            <ConnectionNames version="4.1"/>
            <Comments version="4.1"/>
            <ConnectionId>112</ConnectionId>
          </Connection>
          <Comment>Further Description is not defined yet</Comment>
        </WorkflowModule>
        <WorkflowModule moduleType="DataObject">
          <ModuleId>34</ModuleId>
          <ModuleName>Sales Order</ModuleName>
          <StyleSheet xPos="1915" yPos="685"/>
          <Properties version="4.1">
            <Property name="ModuleSpecific" type="Map">
              <Property name="IsCollection" type="Boolean">false</Property>
            </Property>
          </Properties>
          <Comment>Further Description is not defined yet</Comment>
        </WorkflowModule>
        <WorkflowModule moduleType="RepositoryImage">
          <ModuleId>39</ModuleId>
          <ModuleName>SAP SCM DP</ModuleName>
          <StyleSheet xPos="120" yPos="3860"/>
          <Connection moduleOutId="59" type="Association">
            <ConnectionNames version="4.1"/>
            <Comments version="4.1"/>
            <ConnectionId>123</ConnectionId>
          </Connection>
          <Comment>SAP SCM 5.0</Comment>
        </WorkflowModule>
        <WorkflowModule moduleType="IntermediateEvent">
          <ModuleId>37</ModuleId>
          <ModuleName>Sales order 
volumes are split to
SS/FW for SFC</ModuleName>
          <StyleSheet xPos="3115" yPos="1785"/>
          <Properties version="4.1">
            <Property name="ModuleSpecific" type="Map">
              <Property name="TriggerType">None</Property>
              <Property name="CancelActivity" type="Boolean">true</Property>
            </Property>
          </Properties>
          <Connection moduleOutId="30" type="SequenceFlow">
            <ConnectionNames version="4.1"/>
            <Comments version="4.1"/>
            <ConnectionId>134</ConnectionId>
          </Connection>
          <Comment>Further Description is not defined yet</Comment>
        </WorkflowModule>
        <WorkflowModule moduleType="DataObject">
          <ModuleId>38</ModuleId>
          <ModuleName>Filtered Sales Order
Data  (based on...
...rejection codes)</ModuleName>
          <StyleSheet xPos="115" yPos="3765"/>
          <Properties version="4.1">
            <Property name="ModuleSpecific" type="Map">
              <Property name="IsCollection" type="Boolean">false</Property>
            </Property>
          </Properties>
          <Connection moduleOutId="45" type="SequenceFlow">
            <ConnectionNames version="4.1"/>
            <Comments version="4.1"/>
            <ConnectionId>132</ConnectionId>
          </Connection>
          <Comment>Further Description is not defined yet</Comment>
        </WorkflowModule>
        <WorkflowModule moduleType="DataObject">
          <ModuleId>43</ModuleId>
          <ModuleName>Filtered Sales Order
Data  (based on...
...rejection codes)</ModuleName>
          <StyleSheet xPos="2665" yPos="1235"/>
          <Properties version="4.1">
            <Property name="ModuleSpecific" type="Map">
              <Property name="IsCollection" type="Boolean">false</Property>
            </Property>
          </Properties>
          <Comment>Further Description is not defined yet</Comment>
        </WorkflowModule>
        <WorkflowModule moduleType="StartEvent">
          <ModuleId>42</ModuleId>
          <ModuleName>Sales orders 
are created</ModuleName>
          <StyleSheet xPos="115" yPos="3655"/>
          <Properties version="4.1">
            <Property name="ModuleSpecific" type="Map">
              <Property name="TriggerType">None</Property>
              <Property name="IsInterrupting" type="Boolean">true</Property>
            </Property>
          </Properties>
          <Connection moduleOutId="61" type="SequenceFlow">
            <ConnectionNames version="4.1"/>
            <Comments version="4.1"/>
            <ConnectionId>146</ConnectionId>
          </Connection>
        </WorkflowModule>
        <WorkflowModule moduleType="DataObject">
          <ModuleId>41</ModuleId>
          <ModuleName>Filtered Sales Order
Data (based on...
... Sales Order types)</ModuleName>
          <StyleSheet xPos="115" yPos="3545"/>
          <Properties version="4.1">
            <Property name="ModuleSpecific" type="Map">
              <Property name="IsCollection" type="Boolean">false</Property>
            </Property>
          </Properties>
          <Connection moduleOutId="58" type="SequenceFlow">
            <ConnectionNames version="4.1"/>
            <Comments version="4.1"/>
            <ConnectionId>111</ConnectionId>
          </Connection>
          <Comment>Further Description is not defined yet</Comment>
        </WorkflowModule>
        <WorkflowModule moduleType="IntermediateEvent">
          <ModuleId>40</ModuleId>
          <ModuleName>Filter 
(sales order types) 
applied</ModuleName>
          <StyleSheet xPos="715" yPos="2995"/>
          <Properties version="4.1">
            <Property name="ModuleSpecific" type="Map">
              <Property name="TriggerType">None</Property>
              <Property name="CancelActivity" type="Boolean">true</Property>
            </Property>
          </Properties>
          <Connection moduleOutId="58" type="SequenceFlow">
            <ConnectionNames version="4.1"/>
            <Comments version="4.1"/>
            <ConnectionId>93</ConnectionId>
          </Connection>
          <Comment>Further Description is not defined yet</Comment>
        </WorkflowModule>
        <WorkflowModule moduleType="Task">
          <ModuleId>67</ModuleId>
          <ModuleName>Assign sales order 
volumes to sales
order grouping for
DP/ ODP</ModuleName>
          <StyleSheet xPos="1765" yPos="795"/>
          <Properties version="4.1">
            <Property name="ModuleSpecific" type="Map">
              <Property name="StartQuantity" type="Integer">1</Property>
              <Property name="CompletionQuantity" type="Integer">1</Property>
              <Property name="LoopType">None</Property>
              <Property name="PNSimulation.useLaneCost" type="Boolean">false</Property>
              <Property name="PNSimulation.numberOfEmployees" type="Integer">1</Property>
              <Property name="PNSimulation.NeededResourcesTable" type="List"/>
              <Property name="PNSimulation.ProducedResourcesTable" type="List"/>
              <Property name="TaskType">Service</Property>
              <Property name="GlobalTask" type="Boolean">false</Property>
            </Property>
          </Properties>
          <Connection moduleOutId="34" type="SequenceFlow">
            <ConnectionNames version="4.1"/>
            <Comments version="4.1"/>
            <ConnectionId>130</ConnectionId>
          </Connection>
          <Connection moduleOutId="19" type="SequenceFlow">
            <ConnectionNames version="4.1"/>
            <Comments version="4.1"/>
            <ConnectionId>131</ConnectionId>
          </Connection>
          <Comment>Further Description is not defined yet</Comment>
        </WorkflowModule>
        <WorkflowModule moduleType="RepositoryImage">
          <ModuleId>66</ModuleId>
          <ModuleName>BI Foundation</ModuleName>
          <StyleSheet xPos="115" yPos="3435"/>
          <Connection moduleOutId="61" type="Association">
            <ConnectionNames version="4.1"/>
            <Comments version="4.1"/>
            <ConnectionId>97</ConnectionId>
          </Connection>
          <Comment>BI Foundation is used to create management reports. Business intelligence is the process of gathering information in the field of business . It can be described as the process of enhancing data into information and then into knowledge . Business intelligence is carried out to gain sustainable competitive advantage, and is a valuable core competence in some instances. </Comment>
        </WorkflowModule>
        <WorkflowModule moduleType="Gateway">
          <ModuleId>69</ModuleId>
          <ModuleName>AND rule</ModuleName>
          <StyleSheet xPos="1615" yPos="2445"/>
          <Properties version="4.1">
            <Property name="ModuleSpecific" type="Map">
              <Property name="GatewayType">Parallel</Property>
              <Property name="GatewayDirection">unspecified</Property>
            </Property>
          </Properties>
          <Connection moduleOutId="76" type="SequenceFlow">
            <ConnectionNames version="4.1"/>
            <Comments version="4.1"/>
            <ConnectionId>154</ConnectionId>
          </Connection>
        </WorkflowModule>
        <WorkflowModule moduleType="DataObject">
          <ModuleId>68</ModuleId>
          <ModuleName>Filtered Sales order data (based on...
...dummy customer)</ModuleName>
          <StyleSheet xPos="115" yPos="3325"/>
          <Properties version="4.1">
            <Property name="ModuleSpecific" type="Map">
              <Property name="IsCollection" type="Boolean">false</Property>
            </Property>
          </Properties>
          <Connection moduleOutId="71" type="SequenceFlow">
            <ConnectionNames version="4.1"/>
            <Comments version="4.1"/>
            <ConnectionId>106</ConnectionId>
          </Connection>
        </WorkflowModule>
        <WorkflowModule moduleType="DataObject">
          <ModuleId>22</ModuleId>
          <ModuleName>Filtered Sales Order
Data  (based on...
...rejection codes)</ModuleName>
          <StyleSheet xPos="115" yPos="3215"/>
          <Properties version="4.1">
            <Property name="ModuleSpecific" type="Map">
              <Property name="IsCollection" type="Boolean">false</Property>
            </Property>
          </Properties>
          <Connection moduleOutId="33" type="SequenceFlow">
            <ConnectionNames version="4.1"/>
            <Comments version="4.1"/>
            <ConnectionId>110</ConnectionId>
          </Connection>
          <Comment>Further Description is not defined yet</Comment>
        </WorkflowModule>
        <WorkflowModule moduleType="Gateway">
          <ModuleId>23</ModuleId>
          <ModuleName>XOR rule</ModuleName>
          <StyleSheet xPos="2365" yPos="2115"/>
          <Properties version="4.1">
            <Property name="ModuleSpecific" type="Map">
              <Property name="GatewayType">ExclusiveDataBased</Property>
              <Property name="GatewayDirection">unspecified</Property>
            </Property>
          </Properties>
          <Connection moduleOutId="13" type="SequenceFlow">
            <ConnectionNames version="4.1"/>
            <Comments version="4.1"/>
            <ConnectionId>148</ConnectionId>
          </Connection>
        </WorkflowModule>
        <WorkflowModule moduleType="DataObject">
          <ModuleId>24</ModuleId>
          <ModuleName>Sales Orders split
to SS/FW for SFC</ModuleName>
          <StyleSheet xPos="3115" yPos="1565"/>
          <Properties version="4.1">
            <Property name="ModuleSpecific" type="Map">
              <Property name="IsCollection" type="Boolean">false</Property>
            </Property>
          </Properties>
          <Comment>Further Description is not defined yet</Comment>
        </WorkflowModule>
        <WorkflowModule moduleType="DataObject">
          <ModuleId>25</ModuleId>
          <ModuleName>Filtered Sales order data (based on...
...dummy customer)</ModuleName>
          <StyleSheet xPos="2365" yPos="1785"/>
          <Properties version="4.1">
            <Property name="ModuleSpecific" type="Map">
              <Property name="IsCollection" type="Boolean">false</Property>
            </Property>
          </Properties>
        </WorkflowModule>
        <WorkflowModule moduleType="Task">
          <ModuleId>26</ModuleId>
          <ModuleName>Check Planning Responsibility</ModuleName>
          <StyleSheet xPos="1765" yPos="1125"/>
          <Properties version="4.1">
            <Property name="ModuleSpecific" type="Map">
              <Property name="StartQuantity" type="Integer">1</Property>
              <Property name="CompletionQuantity" type="Integer">1</Property>
              <Property name="LoopType">None</Property>
              <Property name="PNSimulation.useLaneCost" type="Boolean">false</Property>
              <Property name="PNSimulation.numberOfEmployees" type="Integer">1</Property>
              <Property name="PNSimulation.NeededResourcesTable" type="List"/>
              <Property name="PNSimulation.ProducedResourcesTable" type="List"/>
              <Property name="TaskType">None</Property>
              <Property name="GlobalTask" type="Boolean">false</Property>
            </Property>
          </Properties>
          <Connection moduleOutId="28" type="SequenceFlow">
            <ConnectionNames version="4.1"/>
            <Comments version="4.1"/>
            <ConnectionId>86</ConnectionId>
          </Connection>
        </WorkflowModule>
        <WorkflowModule moduleType="RepositoryImage">
          <ModuleId>27</ModuleId>
          <ModuleName>SAP SCM DP</ModuleName>
          <StyleSheet xPos="310" yPos="3150"/>
          <Connection moduleOutId="18" type="Association">
            <ConnectionNames version="4.1"/>
            <Comments version="4.1"/>
            <ConnectionId>118</ConnectionId>
          </Connection>
          <Comment>SAP SCM 5.0</Comment>
        </WorkflowModule>
        <WorkflowModule moduleType="Gateway">
          <ModuleId>28</ModuleId>
          <ModuleName>XOR rule</ModuleName>
          <StyleSheet xPos="1915" yPos="1125"/>
          <Properties version="4.1">
            <Property name="ModuleSpecific" type="Map">
              <Property name="GatewayType">ExclusiveDataBased</Property>
              <Property name="GatewayDirection">unspecified</Property>
            </Property>
          </Properties>
          <Connection moduleOutId="12" type="SequenceFlow">
            <ConnectionNames version="4.1"/>
            <Comments version="4.1"/>
            <ConnectionId>80</ConnectionId>
          </Connection>
          <Connection moduleOutId="7" type="SequenceFlow">
            <ConnectionNames version="4.1"/>
            <Comments version="4.1"/>
            <ConnectionId>79</ConnectionId>
          </Connection>
        </WorkflowModule>
        <WorkflowModule moduleType="DataObject">
          <ModuleId>29</ModuleId>
          <ModuleName>Filtered Sales Order
Data  (based on...
...rejection codes)</ModuleName>
          <StyleSheet xPos="115" yPos="2775"/>
          <Properties version="4.1">
            <Property name="ModuleSpecific" type="Map">
              <Property name="IsCollection" type="Boolean">false</Property>
            </Property>
          </Properties>
          <Connection moduleOutId="50" type="SequenceFlow">
            <ConnectionNames version="4.1"/>
            <Comments version="4.1"/>
            <ConnectionId>89</ConnectionId>
          </Connection>
          <Comment>Further Description is not defined yet</Comment>
        </WorkflowModule>
        <WorkflowModule moduleType="RepositoryImage">
          <ModuleId>3</ModuleId>
          <ModuleName>SAP SCM DP</ModuleName>
          <StyleSheet xPos="115" yPos="2555"/>
          <Connection moduleOutId="58" type="Association">
            <ConnectionNames version="4.1"/>
            <Comments version="4.1"/>
            <ConnectionId>100</ConnectionId>
          </Connection>
          <Comment>SAP SCM 5.0</Comment>
        </WorkflowModule>
        <WorkflowModule moduleType="DataObject">
          <ModuleId>2</ModuleId>
          <ModuleName>Filtered Sales order data (based on...
...dummy customer)</ModuleName>
          <StyleSheet xPos="2365" yPos="1895"/>
          <Properties version="4.1">
            <Property name="ModuleSpecific" type="Map">
              <Property name="IsCollection" type="Boolean">false</Property>
            </Property>
          </Properties>
        </WorkflowModule>
        <WorkflowModule moduleType="RepositoryImage">
          <ModuleId>1</ModuleId>
          <ModuleName>SAP SCM DP</ModuleName>
          <StyleSheet xPos="115" yPos="2225"/>
          <Connection moduleOutId="50" type="Association">
            <ConnectionNames version="4.1"/>
            <Comments version="4.1"/>
            <ConnectionId>107</ConnectionId>
          </Connection>
          <Comment>SAP SCM 5.0</Comment>
        </WorkflowModule>
        <WorkflowModule moduleType="IntermediateEvent">
          <ModuleId>7</ModuleId>
          <ModuleName>Planning Responsibility Area</ModuleName>
          <StyleSheet xPos="2065" yPos="1015"/>
          <Properties version="4.1">
            <Property name="ModuleSpecific" type="Map">
              <Property name="TriggerType">None</Property>
              <Property name="CancelActivity" type="Boolean">true</Property>
            </Property>
          </Properties>
          <Connection moduleOutId="71" type="SequenceFlow">
            <ConnectionNames version="4.1"/>
            <Comments version="4.1"/>
            <ConnectionId>139</ConnectionId>
          </Connection>
        </WorkflowModule>
        <WorkflowModule moduleType="CallActivity">
          <ModuleId>30</ModuleId>
          <ModuleName>Generate 
sFC
(DP/ODP)</ModuleName>
          <StyleSheet xPos="3265" yPos="1785"/>
          <Properties version="4.1">
            <Property name="ModuleSpecific" type="Map">
              <Property name="StartQuantity" type="Integer">1</Property>
              <Property name="CompletionQuantity" type="Integer">1</Property>
              <Property name="LoopType">None</Property>
              <Property name="PNSimulation.useLaneCost" type="Boolean">false</Property>
              <Property name="PNSimulation.numberOfEmployees" type="Integer">1</Property>
              <Property name="PNSimulation.NeededResourcesTable" type="List"/>
              <Property name="PNSimulation.ProducedResourcesTable" type="List"/>
            </Property>
          </Properties>
          <Comment>The statistical forecast is a proposal generated based on a Statistical Forecasting Group (sFG). It's based on sales order history from mirror seasons, the demand plan for the current (but not closed) season and the Marketing forecast</Comment>
        </WorkflowModule>
        <WorkflowModule moduleType="IntermediateEvent">
          <ModuleId>6</ModuleId>
          <ModuleName>Requirement and plant filter 
applied</ModuleName>
          <StyleSheet xPos="1015" yPos="2885"/>
          <Properties version="4.1">
            <Property name="ModuleSpecific" type="Map">
              <Property name="TriggerType">None</Property>
              <Property name="CancelActivity" type="Boolean">true</Property>
            </Property>
          </Properties>
          <Connection moduleOutId="48" type="SequenceFlow">
            <ConnectionNames version="4.1"/>
            <Comments version="4.1"/>
            <ConnectionId>95</ConnectionId>
          </Connection>
          <Comment>Further Description is not defined yet</Comment>
        </WorkflowModule>
        <WorkflowModule moduleType="IntermediateEvent">
          <ModuleId>5</ModuleId>
          <ModuleName>Filter on standard
and NOS 
sales orders 
applied</ModuleName>
          <StyleSheet xPos="1465" yPos="2445"/>
          <Properties version="4.1">
            <Property name="ModuleSpecific" type="Map">
              <Property name="TriggerType">None</Property>
              <Property name="CancelActivity" type="Boolean">true</Property>
            </Property>
          </Properties>
          <Connection moduleOutId="69" type="SequenceFlow">
            <ConnectionNames version="4.1"/>
            <Comments version="4.1"/>
            <ConnectionId>122</ConnectionId>
          </Connection>
          <Comment>Further Description is not defined yet</Comment>
        </WorkflowModule>
        <WorkflowModule moduleType="Gateway">
          <ModuleId>32</ModuleId>
          <ModuleName>AND rule</ModuleName>
          <StyleSheet xPos="2815" yPos="1455"/>
          <Properties version="4.1">
            <Property name="ModuleSpecific" type="Map">
              <Property name="GatewayType">Parallel</Property>
              <Property name="GatewayDirection">unspecified</Property>
            </Property>
          </Properties>
          <Connection moduleOutId="33" type="SequenceFlow">
            <ConnectionNames version="4.1"/>
            <Comments version="4.1"/>
            <ConnectionId>141</ConnectionId>
          </Connection>
          <Connection moduleOutId="45" type="SequenceFlow">
            <ConnectionNames version="4.1"/>
            <Comments version="4.1"/>
            <ConnectionId>140</ConnectionId>
          </Connection>
        </WorkflowModule>
        <WorkflowModule moduleType="DataObject">
          <ModuleId>4</ModuleId>
          <ModuleName>Sales Order</ModuleName>
          <StyleSheet xPos="115" yPos="2115"/>
          <Properties version="4.1">
            <Property name="ModuleSpecific" type="Map">
              <Property name="IsCollection" type="Boolean">false</Property>
            </Property>
          </Properties>
          <Connection moduleOutId="59" type="SequenceFlow">
            <ConnectionNames version="4.1"/>
            <Comments version="4.1"/>
            <ConnectionId>152</ConnectionId>
          </Connection>
          <Comment>Further Description is not defined yet</Comment>
        </WorkflowModule>
        <WorkflowModule moduleType="RepositoryImage">
          <ModuleId>31</ModuleId>
          <ModuleName>SAP SCM DP</ModuleName>
          <StyleSheet xPos="115" yPos="2005"/>
          <Connection moduleOutId="45" type="Association">
            <ConnectionNames version="4.1"/>
            <Comments version="4.1"/>
            <ConnectionId>151</ConnectionId>
          </Connection>
          <Comment>SAP SCM 5.0</Comment>
        </WorkflowModule>
        <WorkflowModule moduleType="IntermediateEvent">
          <ModuleId>70</ModuleId>
          <ModuleName>Planning Responsibility Region</ModuleName>
          <StyleSheet xPos="2065" yPos="2335"/>
          <Properties version="4.1">
            <Property name="ModuleSpecific" type="Map">
              <Property name="TriggerType">None</Property>
              <Property name="CancelActivity" type="Boolean">true</Property>
            </Property>
          </Properties>
          <Connection moduleOutId="23" type="SequenceFlow">
            <ConnectionNames version="4.1"/>
            <Comments version="4.1"/>
            <ConnectionId>91</ConnectionId>
          </Connection>
        </WorkflowModule>
        <WorkflowModule moduleType="Task">
          <ModuleId>71</ModuleId>
          <ModuleName>Apply filters on dummy customers for forecasting</ModuleName>
          <StyleSheet xPos="2215" yPos="1675"/>
          <Properties version="4.1">
            <Property name="ModuleSpecific" type="Map">
              <Property name="StartQuantity" type="Integer">1</Property>
              <Property name="CompletionQuantity" type="Integer">1</Property>
              <Property name="LoopType">None</Property>
              <Property name="PNSimulation.useLaneCost" type="Boolean">false</Property>
              <Property name="PNSimulation.numberOfEmployees" type="Integer">1</Property>
              <Property name="PNSimulation.NeededResourcesTable" type="List"/>
              <Property name="PNSimulation.ProducedResourcesTable" type="List"/>
              <Property name="TaskType">None</Property>
              <Property name="GlobalTask" type="Boolean">false</Property>
            </Property>
          </Properties>
          <Connection moduleOutId="25" type="SequenceFlow">
            <ConnectionNames version="4.1"/>
            <Comments version="4.1"/>
            <ConnectionId>136</ConnectionId>
          </Connection>
          <Connection moduleOutId="17" type="SequenceFlow">
            <ConnectionNames version="4.1"/>
            <Comments version="4.1"/>
            <ConnectionId>135</ConnectionId>
          </Connection>
        </WorkflowModule>
        <WorkflowModule moduleType="DataObject">
          <ModuleId>9</ModuleId>
          <ModuleName>Filtered Sales Order
Data (based on...
... Sales Order types)</ModuleName>
          <StyleSheet xPos="115" yPos="1785"/>
          <Properties version="4.1">
            <Property name="ModuleSpecific" type="Map">
              <Property name="IsCollection" type="Boolean">false</Property>
            </Property>
          </Properties>
          <Connection moduleOutId="13" type="SequenceFlow">
            <ConnectionNames version="4.1"/>
            <Comments version="4.1"/>
            <ConnectionId>142</ConnectionId>
          </Connection>
          <Comment>Further Description is not defined yet</Comment>
        </WorkflowModule>
        <WorkflowModule moduleType="DataObject">
          <ModuleId>72</ModuleId>
          <ModuleName>Filtered Sales order data (based on...
...dummy customer)</ModuleName>
          <StyleSheet xPos="115" yPos="1675"/>
          <Properties version="4.1">
            <Property name="ModuleSpecific" type="Map">
              <Property name="IsCollection" type="Boolean">false</Property>
            </Property>
          </Properties>
          <Connection moduleOutId="75" type="SequenceFlow">
            <ConnectionNames version="4.1"/>
            <Comments version="4.1"/>
            <ConnectionId>90</ConnectionId>
          </Connection>
        </WorkflowModule>
        <WorkflowModule moduleType="RepositoryImage">
          <ModuleId>8</ModuleId>
          <ModuleName>SAP SCM DP</ModuleName>
          <StyleSheet xPos="115" yPos="1565"/>
          <Connection moduleOutId="75" type="Association">
            <ConnectionNames version="4.1"/>
            <Comments version="4.1"/>
            <ConnectionId>145</ConnectionId>
          </Connection>
          <Comment>SAP SCM 5.0</Comment>
        </WorkflowModule>
        <WorkflowModule moduleType="DataObject">
          <ModuleId>73</ModuleId>
          <ModuleName>Sales Order</ModuleName>
          <StyleSheet xPos="115" yPos="1455"/>
          <Properties version="4.1">
            <Property name="ModuleSpecific" type="Map">
              <Property name="IsCollection" type="Boolean">false</Property>
            </Property>
          </Properties>
          <Connection moduleOutId="61" type="SequenceFlow">
            <ConnectionNames version="4.1"/>
            <Comments version="4.1"/>
            <ConnectionId>78</ConnectionId>
          </Connection>
          <Comment>Further Description is not defined yet</Comment>
        </WorkflowModule>
        <WorkflowModule moduleType="Gateway">
          <ModuleId>74</ModuleId>
          <ModuleName>XOR rule</ModuleName>
          <StyleSheet xPos="1915" yPos="2445"/>
          <Properties version="4.1">
            <Property name="ModuleSpecific" type="Map">
              <Property name="GatewayType">ExclusiveDataBased</Property>
              <Property name="GatewayDirection">unspecified</Property>
            </Property>
          </Properties>
          <Connection moduleOutId="70" type="SequenceFlow">
            <ConnectionNames version="4.1"/>
            <Comments version="4.1"/>
            <ConnectionId>108</ConnectionId>
          </Connection>
          <Connection moduleOutId="77" type="SequenceFlow">
            <ConnectionNames version="4.1"/>
            <Comments version="4.1"/>
            <ConnectionId>109</ConnectionId>
          </Connection>
        </WorkflowModule>
        <WorkflowModule moduleType="Task">
          <ModuleId>75</ModuleId>
          <ModuleName>Apply filters on dummy customers for forecasting</ModuleName>
          <StyleSheet xPos="2215" yPos="2005"/>
          <Properties version="4.1">
            <Property name="ModuleSpecific" type="Map">
              <Property name="StartQuantity" type="Integer">1</Property>
              <Property name="CompletionQuantity" type="Integer">1</Property>
              <Property name="LoopType">None</Property>
              <Property name="PNSimulation.useLaneCost" type="Boolean">false</Property>
              <Property name="PNSimulation.numberOfEmployees" type="Integer">1</Property>
              <Property name="PNSimulation.NeededResourcesTable" type="List"/>
              <Property name="PNSimulation.ProducedResourcesTable" type="List"/>
              <Property name="TaskType">None</Property>
              <Property name="GlobalTask" type="Boolean">false</Property>
            </Property>
          </Properties>
          <Connection moduleOutId="23" type="SequenceFlow">
            <ConnectionNames version="4.1"/>
            <Comments version="4.1"/>
            <ConnectionId>115</ConnectionId>
          </Connection>
          <Connection moduleOutId="2" type="SequenceFlow">
            <ConnectionNames version="4.1"/>
            <Comments version="4.1"/>
            <ConnectionId>114</ConnectionId>
          </Connection>
        </WorkflowModule>
        <WorkflowModule moduleType="Task">
          <ModuleId>76</ModuleId>
          <ModuleName>Check Planning Responsibility</ModuleName>
          <StyleSheet xPos="1765" yPos="2445"/>
          <Properties version="4.1">
            <Property name="ModuleSpecific" type="Map">
              <Property name="StartQuantity" type="Integer">1</Property>
              <Property name="CompletionQuantity" type="Integer">1</Property>
              <Property name="LoopType">None</Property>
              <Property name="PNSimulation.useLaneCost" type="Boolean">false</Property>
              <Property name="PNSimulation.numberOfEmployees" type="Integer">1</Property>
              <Property name="PNSimulation.NeededResourcesTable" type="List"/>
              <Property name="PNSimulation.ProducedResourcesTable" type="List"/>
              <Property name="TaskType">None</Property>
              <Property name="GlobalTask" type="Boolean">false</Property>
            </Property>
          </Properties>
          <Connection moduleOutId="74" type="SequenceFlow">
            <ConnectionNames version="4.1"/>
            <Comments version="4.1"/>
            <ConnectionId>81</ConnectionId>
          </Connection>
        </WorkflowModule>
        <WorkflowModule moduleType="Task">
          <ModuleId>59</ModuleId>
          <ModuleName>Filter out 
not relevant 
sales order types</ModuleName>
          <StyleSheet xPos="565" yPos="2885"/>
          <Properties version="4.1">
            <Property name="ModuleSpecific" type="Map">
              <Property name="StartQuantity" type="Integer">1</Property>
              <Property name="CompletionQuantity" type="Integer">1</Property>
              <Property name="LoopType">None</Property>
              <Property name="PNSimulation.useLaneCost" type="Boolean">false</Property>
              <Property name="PNSimulation.numberOfEmployees" type="Integer">1</Property>
              <Property name="PNSimulation.NeededResourcesTable" type="List"/>
              <Property name="PNSimulation.ProducedResourcesTable" type="List"/>
              <Property name="TaskType">Service</Property>
              <Property name="GlobalTask" type="Boolean">false</Property>
            </Property>
          </Properties>
          <Connection moduleOutId="40" type="SequenceFlow">
            <ConnectionNames version="4.1"/>
            <Comments version="4.1"/>
            <ConnectionId>104</ConnectionId>
          </Connection>
          <Connection moduleOutId="10" type="SequenceFlow">
            <ConnectionNames version="4.1"/>
            <Comments version="4.1"/>
            <ConnectionId>103</ConnectionId>
          </Connection>
          <Comment>Further Description is not defined yet</Comment>
        </WorkflowModule>
        <WorkflowModule moduleType="Task">
          <ModuleId>58</ModuleId>
          <ModuleName>Apply filter on
requirement 
category and plant</ModuleName>
          <StyleSheet xPos="865" yPos="2995"/>
          <Properties version="4.1">
            <Property name="ModuleSpecific" type="Map">
              <Property name="StartQuantity" type="Integer">1</Property>
              <Property name="CompletionQuantity" type="Integer">1</Property>
              <Property name="LoopType">None</Property>
              <Property name="PNSimulation.useLaneCost" type="Boolean">false</Property>
              <Property name="PNSimulation.numberOfEmployees" type="Integer">1</Property>
              <Property name="PNSimulation.NeededResourcesTable" type="List"/>
              <Property name="PNSimulation.ProducedResourcesTable" type="List"/>
              <Property name="TaskType">Service</Property>
              <Property name="GlobalTask" type="Boolean">false</Property>
            </Property>
          </Properties>
          <Connection moduleOutId="6" type="SequenceFlow">
            <ConnectionNames version="4.1"/>
            <Comments version="4.1"/>
            <ConnectionId>84</ConnectionId>
          </Connection>
          <Connection moduleOutId="55" type="SequenceFlow">
            <ConnectionNames version="4.1"/>
            <Comments version="4.1"/>
            <ConnectionId>85</ConnectionId>
          </Connection>
          <Comment>Further Description is not defined yet</Comment>
        </WorkflowModule>
        <WorkflowModule moduleType="Task">
          <ModuleId>57</ModuleId>
          <ModuleName>Apply filter on
rejection codes
for demand
planning</ModuleName>
          <StyleSheet xPos="1315" yPos="1345"/>
          <Properties version="4.1">
            <Property name="ModuleSpecific" type="Map">
              <Property name="StartQuantity" type="Integer">1</Property>
              <Property name="CompletionQuantity" type="Integer">1</Property>
              <Property name="LoopType">None</Property>
              <Property name="PNSimulation.useLaneCost" type="Boolean">false</Property>
              <Property name="PNSimulation.numberOfEmployees" type="Integer">1</Property>
              <Property name="PNSimulation.NeededResourcesTable" type="List"/>
              <Property name="PNSimulation.ProducedResourcesTable" type="List"/>
              <Property name="TaskType">Service</Property>
              <Property name="GlobalTask" type="Boolean">false</Property>
            </Property>
          </Properties>
          <Connection moduleOutId="51" type="SequenceFlow">
            <ConnectionNames version="4.1"/>
            <Comments version="4.1"/>
            <ConnectionId>149</ConnectionId>
          </Connection>
          <Connection moduleOutId="46" type="SequenceFlow">
            <ConnectionNames version="4.1"/>
            <Comments version="4.1"/>
            <ConnectionId>150</ConnectionId>
          </Connection>
          <Comment>Further Description is not defined yet</Comment>
        </WorkflowModule>
        <WorkflowModule moduleType="DataObject">
          <ModuleId>56</ModuleId>
          <ModuleName>Filtered Sales Order
Data (based on...
... Sales Order types)</ModuleName>
          <StyleSheet xPos="115" yPos="1345"/>
          <Properties version="4.1">
            <Property name="ModuleSpecific" type="Map">
              <Property name="IsCollection" type="Boolean">false</Property>
            </Property>
          </Properties>
          <Connection moduleOutId="67" type="SequenceFlow">
            <ConnectionNames version="4.1"/>
            <Comments version="4.1"/>
            <ConnectionId>133</ConnectionId>
          </Connection>
          <Comment>Further Description is not defined yet</Comment>
        </WorkflowModule>
        <WorkflowModule moduleType="StopEvent">
          <ModuleId>19</ModuleId>
          <ModuleName>Sales order
groupings 
are assigned</ModuleName>
          <StyleSheet xPos="1915" yPos="905"/>
          <Properties version="4.1">
            <Property name="ModuleSpecific" type="Map">
              <Property name="ResultType">None</Property>
            </Property>
          </Properties>
          <Comment>Further Description is not defined yet</Comment>
        </WorkflowModule>
        <WorkflowModule moduleType="DataObject">
          <ModuleId>55</ModuleId>
          <ModuleName>Filtered Sales Order
Data (based on...
... requ cat /plant)</ModuleName>
          <StyleSheet xPos="1015" yPos="3105"/>
          <Properties version="4.1">
            <Property name="ModuleSpecific" type="Map">
              <Property name="IsCollection" type="Boolean">false</Property>
            </Property>
          </Properties>
          <Comment>Further Description is not defined yet</Comment>
        </WorkflowModule>
        <WorkflowModule moduleType="Gateway">
          <ModuleId>17</ModuleId>
          <ModuleName>XOR rule</ModuleName>
          <StyleSheet xPos="2365" yPos="1455"/>
          <Properties version="4.1">
            <Property name="ModuleSpecific" type="Map">
              <Property name="GatewayType">ExclusiveDataBased</Property>
              <Property name="GatewayDirection">unspecified</Property>
            </Property>
          </Properties>
          <Connection moduleOutId="50" type="SequenceFlow">
            <ConnectionNames version="4.1"/>
            <Comments version="4.1"/>
            <ConnectionId>105</ConnectionId>
          </Connection>
        </WorkflowModule>
        <WorkflowModule moduleType="Task">
          <ModuleId>18</ModuleId>
          <ModuleName>Read only standard 
and NOS sales
orders</ModuleName>
          <StyleSheet xPos="1315" yPos="2555"/>
          <Properties version="4.1">
            <Property name="ModuleSpecific" type="Map">
              <Property name="StartQuantity" type="Integer">1</Property>
              <Property name="CompletionQuantity" type="Integer">1</Property>
              <Property name="LoopType">None</Property>
              <Property name="PNSimulation.useLaneCost" type="Boolean">false</Property>
              <Property name="PNSimulation.numberOfEmployees" type="Integer">1</Property>
              <Property name="PNSimulation.NeededResourcesTable" type="List"/>
              <Property name="PNSimulation.ProducedResourcesTable" type="List"/>
              <Property name="TaskType">Service</Property>
              <Property name="GlobalTask" type="Boolean">false</Property>
            </Property>
          </Properties>
          <Connection moduleOutId="5" type="SequenceFlow">
            <ConnectionNames version="4.1"/>
            <Comments version="4.1"/>
            <ConnectionId>116</ConnectionId>
          </Connection>
          <Connection moduleOutId="47" type="SequenceFlow">
            <ConnectionNames version="4.1"/>
            <Comments version="4.1"/>
            <ConnectionId>117</ConnectionId>
          </Connection>
          <Comment>Further Description is not defined yet</Comment>
        </WorkflowModule>
        <WorkflowModule moduleType="IntermediateEvent">
          <ModuleId>15</ModuleId>
          <ModuleName>Detailed 
sales order data 
are uploaded</ModuleName>
          <StyleSheet xPos="415" yPos="2665"/>
          <Properties version="4.1">
            <Property name="ModuleSpecific" type="Map">
              <Property name="TriggerType">None</Property>
              <Property name="CancelActivity" type="Boolean">true</Property>
            </Property>
          </Properties>
          <Connection moduleOutId="59" type="SequenceFlow">
            <ConnectionNames version="4.1"/>
            <Comments version="4.1"/>
            <ConnectionId>96</ConnectionId>
          </Connection>
          <Comment>Further Description is not defined yet</Comment>
        </WorkflowModule>
        <WorkflowModule moduleType="Gateway">
          <ModuleId>16</ModuleId>
          <ModuleName>AND rule</ModuleName>
          <StyleSheet xPos="1615" yPos="905"/>
          <Properties version="4.1">
            <Property name="ModuleSpecific" type="Map">
              <Property name="GatewayType">Parallel</Property>
              <Property name="GatewayDirection">unspecified</Property>
            </Property>
          </Properties>
          <Connection moduleOutId="26" type="SequenceFlow">
            <ConnectionNames version="4.1"/>
            <Comments version="4.1"/>
            <ConnectionId>126</ConnectionId>
          </Connection>
          <Connection moduleOutId="67" type="SequenceFlow">
            <ConnectionNames version="4.1"/>
            <Comments version="4.1"/>
            <ConnectionId>125</ConnectionId>
          </Connection>
        </WorkflowModule>
        <WorkflowModule moduleType="Task">
          <ModuleId>13</ModuleId>
          <ModuleName>Apply filter on
rejection codes 
for forecasting</ModuleName>
          <StyleSheet xPos="2515" yPos="1345"/>
          <Properties version="4.1">
            <Property name="ModuleSpecific" type="Map">
              <Property name="StartQuantity" type="Integer">1</Property>
              <Property name="CompletionQuantity" type="Integer">1</Property>
              <Property name="LoopType">None</Property>
              <Property name="PNSimulation.useLaneCost" type="Boolean">false</Property>
              <Property name="PNSimulation.numberOfEmployees" type="Integer">1</Property>
              <Property name="PNSimulation.NeededResourcesTable" type="List"/>
              <Property name="PNSimulation.ProducedResourcesTable" type="List"/>
              <Property name="TaskType">Service</Property>
              <Property name="GlobalTask" type="Boolean">false</Property>
            </Property>
          </Properties>
          <Connection moduleOutId="64" type="SequenceFlow">
            <ConnectionNames version="4.1"/>
            <Comments version="4.1"/>
            <ConnectionId>144</ConnectionId>
          </Connection>
          <Connection moduleOutId="43" type="SequenceFlow">
            <ConnectionNames version="4.1"/>
            <Comments version="4.1"/>
            <ConnectionId>143</ConnectionId>
          </Connection>
          <Comment>Further Description is not defined yet</Comment>
        </WorkflowModule>
        <WorkflowModule moduleType="DataObject">
          <ModuleId>14</ModuleId>
          <ModuleName>Technical term</ModuleName>
          <StyleSheet xPos="115" yPos="905"/>
          <Properties version="4.1">
            <Property name="ModuleSpecific" type="Map">
              <Property name="IsCollection" type="Boolean">false</Property>
            </Property>
          </Properties>
        </WorkflowModule>
        <WorkflowModule moduleType="DataObject">
          <ModuleId>11</ModuleId>
          <ModuleName>Filtered and
aggregated Sales
Order Data</ModuleName>
          <StyleSheet xPos="2665" yPos="2225"/>
          <Properties version="4.1">
            <Property name="ModuleSpecific" type="Map">
              <Property name="IsCollection" type="Boolean">false</Property>
            </Property>
          </Properties>
          <Comment>Further Description is not defined yet</Comment>
        </WorkflowModule>
        <WorkflowModule moduleType="IntermediateEvent">
          <ModuleId>12</ModuleId>
          <ModuleName>Planning Responsibility Region</ModuleName>
          <StyleSheet xPos="2065" yPos="1235"/>
          <Properties version="4.1">
            <Property name="ModuleSpecific" type="Map">
              <Property name="TriggerType">None</Property>
              <Property name="CancelActivity" type="Boolean">true</Property>
            </Property>
          </Properties>
          <Connection moduleOutId="17" type="SequenceFlow">
            <ConnectionNames version="4.1"/>
            <Comments version="4.1"/>
            <ConnectionId>94</ConnectionId>
          </Connection>
        </WorkflowModule>
        <WorkflowModule moduleType="RepositoryImage">
          <ModuleId>21</ModuleId>
          <ModuleName>SAP SCM DP</ModuleName>
          <StyleSheet xPos="115" yPos="795"/>
          <Connection moduleOutId="71" type="Association">
            <ConnectionNames version="4.1"/>
            <Comments version="4.1"/>
            <ConnectionId>153</ConnectionId>
          </Connection>
          <Comment>SAP SCM 5.0</Comment>
        </WorkflowModule>
        <WorkflowModule moduleType="DataObject">
          <ModuleId>20</ModuleId>
          <ModuleName>Filtered Sales Order
Data (based on...
... requ cat /plant)</ModuleName>
          <StyleSheet xPos="115" yPos="685"/>
          <Properties version="4.1">
            <Property name="ModuleSpecific" type="Map">
              <Property name="IsCollection" type="Boolean">false</Property>
            </Property>
          </Properties>
          <Connection moduleOutId="57" type="SequenceFlow">
            <ConnectionNames version="4.1"/>
            <Comments version="4.1"/>
            <ConnectionId>88</ConnectionId>
          </Connection>
          <Comment>Further Description is not defined yet</Comment>
        </WorkflowModule>
        <WorkflowModule moduleType="IntermediateEvent">
          <ModuleId>64</ModuleId>
          <ModuleName>Filter on rejection 
codes applied 
for forecasting</ModuleName>
          <StyleSheet xPos="2665" yPos="1455"/>
          <Properties version="4.1">
            <Property name="ModuleSpecific" type="Map">
              <Property name="TriggerType">None</Property>
              <Property name="CancelActivity" type="Boolean">true</Property>
            </Property>
          </Properties>
          <Connection moduleOutId="32" type="SequenceFlow">
            <ConnectionNames version="4.1"/>
            <Comments version="4.1"/>
            <ConnectionId>124</ConnectionId>
          </Connection>
          <Comment>Further Description is not defined yet</Comment>
        </WorkflowModule>
        <WorkflowModule moduleType="CallActivity">
          <ModuleId>65</ModuleId>
          <ModuleName>Generate eFC (ODP)</ModuleName>
          <StyleSheet xPos="3265" yPos="2225"/>
          <Properties version="4.1">
            <Property name="ModuleSpecific" type="Map">
              <Property name="StartQuantity" type="Integer">1</Property>
              <Property name="CompletionQuantity" type="Integer">1</Property>
              <Property name="LoopType">None</Property>
              <Property name="PNSimulation.useLaneCost" type="Boolean">false</Property>
              <Property name="PNSimulation.numberOfEmployees" type="Integer">1</Property>
              <Property name="PNSimulation.NeededResourcesTable" type="List"/>
              <Property name="PNSimulation.ProducedResourcesTable" type="List"/>
            </Property>
          </Properties>
          <Comment>The statistical forecast is a proposal based on group of articles known as Extrapolation Forecasting Group (eFG). To create the proposal the current sales orders are compared to those in the mirror season</Comment>
        </WorkflowModule>
        <WorkflowModule moduleType="DataObject">
          <ModuleId>62</ModuleId>
          <ModuleName>Aggregated Sales
Orders for eFG
on season level</ModuleName>
          <StyleSheet xPos="3115" yPos="2445"/>
          <Properties version="4.1">
            <Property name="ModuleSpecific" type="Map">
              <Property name="IsCollection" type="Boolean">false</Property>
            </Property>
          </Properties>
          <Comment>Further Description is not defined yet</Comment>
        </WorkflowModule>
        <WorkflowModule moduleType="IntermediateEvent">
          <ModuleId>63</ModuleId>
          <ModuleName>Sales Orders 
aggregated to
monthly 
split level</ModuleName>
          <StyleSheet xPos="2665" yPos="2005"/>
          <Properties version="4.1">
            <Property name="ModuleSpecific" type="Map">
              <Property name="TriggerType">None</Property>
              <Property name="CancelActivity" type="Boolean">true</Property>
            </Property>
          </Properties>
          <Connection moduleOutId="36" type="SequenceFlow">
            <ConnectionNames version="4.1"/>
            <Comments version="4.1"/>
            <ConnectionId>147</ConnectionId>
          </Connection>
          <Comment>Further Description is not defined yet</Comment>
        </WorkflowModule>
        <WorkflowModule moduleType="RepositoryImage">
          <ModuleId>60</ModuleId>
          <ModuleName>SAP SCM DP</ModuleName>
          <StyleSheet xPos="115" yPos="575"/>
          <Connection moduleOutId="33" type="Association">
            <ConnectionNames version="4.1"/>
            <Comments version="4.1"/>
            <ConnectionId>137</ConnectionId>
          </Connection>
          <Comment>SAP SCM 5.0</Comment>
        </WorkflowModule>
        <WorkflowModule moduleType="Task">
          <ModuleId>61</ModuleId>
          <ModuleName>Upload 
detailed sales
order data</ModuleName>
          <StyleSheet xPos="265" yPos="2775"/>
          <Properties version="4.1">
            <Property name="ModuleSpecific" type="Map">
              <Property name="StartQuantity" type="Integer">1</Property>
              <Property name="CompletionQuantity" type="Integer">1</Property>
              <Property name="LoopType">None</Property>
              <Property name="PNSimulation.useLaneCost" type="Boolean">false</Property>
              <Property name="PNSimulation.numberOfEmployees" type="Integer">1</Property>
              <Property name="PNSimulation.NeededResourcesTable" type="List"/>
              <Property name="PNSimulation.ProducedResourcesTable" type="List"/>
              <Property name="TaskType">Service</Property>
              <Property name="GlobalTask" type="Boolean">false</Property>
            </Property>
          </Properties>
          <Connection moduleOutId="15" type="SequenceFlow">
            <ConnectionNames version="4.1"/>
            <Comments version="4.1"/>
            <ConnectionId>101</ConnectionId>
          </Connection>
          <Connection moduleOutId="35" type="SequenceFlow">
            <ConnectionNames version="4.1"/>
            <Comments version="4.1"/>
            <ConnectionId>102</ConnectionId>
          </Connection>
          <Comment>Further Description is not defined yet</Comment>
        </WorkflowModule>
        <WorkflowModule moduleType="DataObject">
          <ModuleId>49</ModuleId>
          <ModuleName>Filtered Sales Order
Data (based on...
... requ cat /plant)</ModuleName>
          <StyleSheet xPos="115" yPos="465"/>
          <Properties version="4.1">
            <Property name="ModuleSpecific" type="Map">
              <Property name="IsCollection" type="Boolean">false</Property>
            </Property>
          </Properties>
          <Connection moduleOutId="18" type="SequenceFlow">
            <ConnectionNames version="4.1"/>
            <Comments version="4.1"/>
            <ConnectionId>121</ConnectionId>
          </Connection>
          <Comment>Further Description is not defined yet</Comment>
        </WorkflowModule>
        <WorkflowModule moduleType="Gateway">
          <ModuleId>48</ModuleId>
          <ModuleName>AND rule</ModuleName>
          <StyleSheet xPos="1165" yPos="2885"/>
          <Properties version="4.1">
            <Property name="ModuleSpecific" type="Map">
              <Property name="GatewayType">Parallel</Property>
              <Property name="GatewayDirection">unspecified</Property>
            </Property>
          </Properties>
          <Connection moduleOutId="57" type="SequenceFlow">
            <ConnectionNames version="4.1"/>
            <Comments version="4.1"/>
            <ConnectionId>83</ConnectionId>
          </Connection>
          <Connection moduleOutId="18" type="SequenceFlow">
            <ConnectionNames version="4.1"/>
            <Comments version="4.1"/>
            <ConnectionId>82</ConnectionId>
          </Connection>
        </WorkflowModule>
        <WorkflowModule moduleType="Task">
          <ModuleId>45</ModuleId>
          <ModuleName>Aggregate sales 
orders to EFG/
season level</ModuleName>
          <StyleSheet xPos="2965" yPos="2335"/>
          <Properties version="4.1">
            <Property name="ModuleSpecific" type="Map">
              <Property name="StartQuantity" type="Integer">1</Property>
              <Property name="CompletionQuantity" type="Integer">1</Property>
              <Property name="LoopType">None</Property>
              <Property name="PNSimulation.useLaneCost" type="Boolean">false</Property>
              <Property name="PNSimulation.numberOfEmployees" type="Integer">1</Property>
              <Property name="PNSimulation.NeededResourcesTable" type="List"/>
              <Property name="PNSimulation.ProducedResourcesTable" type="List"/>
              <Property name="TaskType">Service</Property>
              <Property name="GlobalTask" type="Boolean">false</Property>
            </Property>
          </Properties>
          <Connection moduleOutId="62" type="SequenceFlow">
            <ConnectionNames version="4.1"/>
            <Comments version="4.1"/>
            <ConnectionId>128</ConnectionId>
          </Connection>
          <Connection moduleOutId="44" type="SequenceFlow">
            <ConnectionNames version="4.1"/>
            <Comments version="4.1"/>
            <ConnectionId>127</ConnectionId>
          </Connection>
          <Comment>Further Description is not defined yet</Comment>
        </WorkflowModule>
        <WorkflowModule moduleType="IntermediateEvent">
          <ModuleId>44</ModuleId>
          <ModuleName>Sales Orders
aggregated to
EFG/season level</ModuleName>
          <StyleSheet xPos="3115" yPos="2225"/>
          <Properties version="4.1">
            <Property name="ModuleSpecific" type="Map">
              <Property name="TriggerType">None</Property>
              <Property name="CancelActivity" type="Boolean">true</Property>
            </Property>
          </Properties>
          <Connection moduleOutId="65" type="SequenceFlow">
            <ConnectionNames version="4.1"/>
            <Comments version="4.1"/>
            <ConnectionId>120</ConnectionId>
          </Connection>
          <Comment>Further Description is not defined yet</Comment>
        </WorkflowModule>
        <WorkflowModule moduleType="DataObject">
          <ModuleId>47</ModuleId>
          <ModuleName>Filtered Sales Order
Data (based on...
... Sales Order types)</ModuleName>
          <StyleSheet xPos="1465" yPos="2665"/>
          <Properties version="4.1">
            <Property name="ModuleSpecific" type="Map">
              <Property name="IsCollection" type="Boolean">false</Property>
            </Property>
          </Properties>
          <Comment>Further Description is not defined yet</Comment>
        </WorkflowModule>
        <WorkflowModule moduleType="DataObject">
          <ModuleId>46</ModuleId>
          <ModuleName>Filtered Sales Order
Data  (based on...
...rejection codes)</ModuleName>
          <StyleSheet xPos="1465" yPos="1455"/>
          <Properties version="4.1">
            <Property name="ModuleSpecific" type="Map">
              <Property name="IsCollection" type="Boolean">false</Property>
            </Property>
          </Properties>
          <Comment>Further Description is not defined yet</Comment>
        </WorkflowModule>
        <WorkflowModule moduleType="DataObject">
          <ModuleId>10</ModuleId>
          <ModuleName>Filtered Sales Order
Data (based on...
... Sales Order types)</ModuleName>
          <StyleSheet xPos="715" yPos="2775"/>
          <Properties version="4.1">
            <Property name="ModuleSpecific" type="Map">
              <Property name="IsCollection" type="Boolean">false</Property>
            </Property>
          </Properties>
          <Comment>Further Description is not defined yet</Comment>
        </WorkflowModule>
        <WorkflowModule moduleType="IntermediateEvent">
          <ModuleId>51</ModuleId>
          <ModuleName>Filter applied on 
rejection codes 
for demand
planning</ModuleName>
          <StyleSheet xPos="1465" yPos="905"/>
          <Properties version="4.1">
            <Property name="ModuleSpecific" type="Map">
              <Property name="TriggerType">None</Property>
              <Property name="CancelActivity" type="Boolean">true</Property>
            </Property>
          </Properties>
          <Connection moduleOutId="16" type="SequenceFlow">
            <ConnectionNames version="4.1"/>
            <Comments version="4.1"/>
            <ConnectionId>87</ConnectionId>
          </Connection>
          <Comment>Further Description is not defined yet</Comment>
        </WorkflowModule>
        <WorkflowModule moduleType="RepositoryImage">
          <ModuleId>52</ModuleId>
          <ModuleName>SAP SCM DP</ModuleName>
          <StyleSheet xPos="115" yPos="355"/>
          <Connection moduleOutId="67" type="Association">
            <ConnectionNames version="4.1"/>
            <Comments version="4.1"/>
            <ConnectionId>129</ConnectionId>
          </Connection>
          <Comment>SAP SCM 5.0</Comment>
        </WorkflowModule>
        <WorkflowModule moduleType="RepositoryImage">
          <ModuleId>53</ModuleId>
          <ModuleName>SAP SCM DP</ModuleName>
          <StyleSheet xPos="115" yPos="245"/>
          <Connection moduleOutId="13" type="Association">
            <ConnectionNames version="4.1"/>
            <Comments version="4.1"/>
            <ConnectionId>138</ConnectionId>
          </Connection>
          <Comment>SAP SCM 5.0</Comment>
        </WorkflowModule>
        <WorkflowModule moduleType="RepositoryImage">
          <ModuleId>54</ModuleId>
          <ModuleName>SAP SCM DP</ModuleName>
          <StyleSheet xPos="115" yPos="135"/>
          <Connection moduleOutId="57" type="Association">
            <ConnectionNames version="4.1"/>
            <Comments version="4.1"/>
            <ConnectionId>92</ConnectionId>
          </Connection>
          <Comment>SAP SCM 5.0</Comment>
        </WorkflowModule>
        <WorkflowModule moduleType="Task">
          <ModuleId>50</ModuleId>
          <ModuleName>Aggregate Sales
Orders to 
monthly split
level</ModuleName>
          <StyleSheet xPos="2515" yPos="2115"/>
          <Properties version="4.1">
            <Property name="ModuleSpecific" type="Map">
              <Property name="StartQuantity" type="Integer">1</Property>
              <Property name="CompletionQuantity" type="Integer">1</Property>
              <Property name="LoopType">None</Property>
              <Property name="PNSimulation.useLaneCost" type="Boolean">false</Property>
              <Property name="PNSimulation.numberOfEmployees" type="Integer">1</Property>
              <Property name="PNSimulation.NeededResourcesTable" type="List"/>
              <Property name="PNSimulation.ProducedResourcesTable" type="List"/>
              <Property name="TaskType">Service</Property>
              <Property name="GlobalTask" type="Boolean">false</Property>
            </Property>
          </Properties>
          <Connection moduleOutId="63" type="SequenceFlow">
            <ConnectionNames version="4.1"/>
            <Comments version="4.1"/>
            <ConnectionId>98</ConnectionId>
          </Connection>
          <Connection moduleOutId="11" type="SequenceFlow">
            <ConnectionNames version="4.1"/>
            <Comments version="4.1"/>
            <ConnectionId>99</ConnectionId>
          </Connection>
          <Comment>Further Description is not defined yet</Comment>
        </WorkflowModule>
        <Variables xmlns:xs="http://www.w3.org/2001/XMLSchema"/>
      </Workflow>
    </WorkflowGroup>
  </Workflows>
</IBISWorkflow>
