<?xml version="1.0" encoding="UTF-8"?><IBISWorkflow version="5.3">
  <Workflows>
    <WorkflowGroup>
      <WorkflowGroupName>Good Energy</WorkflowGroupName>
      <Workflow version="head" workflowType="constraintsdiagram">
        <WorkflowName>Good Energy</WorkflowName>
        <WorkflowUId>-69726836:127a96ce2a5:-7ffe</WorkflowUId>
        <CheckinComment>@@@Server: soagov-dev-is52@@@Version: 3@@@09.08.2010 15:45:14@@@</CheckinComment>
        <IsActive>true</IsActive>
        <PortalProcessRoles>
          <RoleName>Administrator</RoleName>
          <RoleName>User</RoleName>
        </PortalProcessRoles>
        <XPathVersion>1.0</XPathVersion>
        <WorkflowModule moduleType="cdClass">
          <ModuleId>1169</ModuleId>
          <ModuleName>Kundenstamm</ModuleName>
          <StyleSheet height="70" width="120" xPos="300" yPos="105"/>
          <Properties version="4.1">
            <Property name="class" type="Map">
              <Property name="visibility">public</Property>
              <Property name="modifiers" type="List"/>
              <Property name="constraints"/>
              <Property name="stereotypes" type="List">
                <Property name="stereotype" type="List">
                  <Property name="name">root_instance</Property>
                </Property>
              </Property>
              <Property name="attributes" type="List"/>
              <Property name="operations" type="List"/>
            </Property>
          </Properties>
          <Connection moduleOutId="1170" type="aggregation">
            <ConnectionId>16548004</ConnectionId>
            <Properties version="4.1">
              <Property name="aggregation" type="Map">
                <Property name="start" type="Map">
                  <Property name="name"/>
                  <Property name="comment"/>
                  <Property name="initialvalue"/>
                  <Property name="multiplicity">1</Property>
                  <Property name="visibility">public</Property>
                  <Property name="arrangement">unspecified</Property>
                  <Property name="modifier" type="List">
                    <Property name="navigable"/>
                  </Property>
                </Property>
                <Property name="end" type="Map">
                  <Property name="name"/>
                  <Property name="comment"/>
                  <Property name="initialvalue"/>
                  <Property name="multiplicity">1</Property>
                  <Property name="visibility">public</Property>
                  <Property name="arrangement">unspecified</Property>
                  <Property name="modifier" type="List">
                    <Property name="navigable"/>
                  </Property>
                </Property>
              </Property>
            </Properties>
          </Connection>
        </WorkflowModule>
        <WorkflowModule moduleType="cdClass">
          <ModuleId>16547977</ModuleId>
          <ModuleName>Rechnung</ModuleName>
          <StyleSheet height="100" width="140" xPos="290" yPos="570"/>
          <Properties version="4.1">
            <Property name="class" type="Map">
              <Property name="visibility">public</Property>
              <Property name="modifiers" type="List"/>
              <Property name="constraints"/>
              <Property name="stereotypes" type="List"/>
              <Property name="attributes" type="List">
                <Property name="attribute" type="List">
                  <Property name="name">Rechnungsnummer</Property>
                  <Property name="comment"/>
                  <Property name="type">int</Property>
                  <Property name="multiplicity">1</Property>
                  <Property name="visibility">public</Property>
                  <Property name="startvalue"/>
                </Property>
                <Property name="attribute" type="List">
                  <Property name="name">Abrechnungsdatum</Property>
                  <Property name="comment"/>
                  <Property name="type">date</Property>
                  <Property name="multiplicity">1</Property>
                  <Property name="visibility">public</Property>
                  <Property name="startvalue"/>
                </Property>
                <Property name="attribute" type="List">
                  <Property name="name">Fälligkeit</Property>
                  <Property name="comment"/>
                  <Property name="type">date</Property>
                  <Property name="multiplicity">1</Property>
                  <Property name="visibility">public</Property>
                  <Property name="startvalue"/>
                </Property>
                <Property name="attribute" type="List">
                  <Property name="name">Währung</Property>
                  <Property name="comment"/>
                  <Property name="type">enum</Property>
                  <Property name="multiplicity">1</Property>
                  <Property name="visibility">public</Property>
                  <Property name="startvalue"/>
                </Property>
                <Property name="attribute" type="List">
                  <Property name="name">Rechnungsbetrag</Property>
                  <Property name="comment"/>
                  <Property name="type">int</Property>
                  <Property name="multiplicity">1</Property>
                  <Property name="visibility">public</Property>
                  <Property name="startvalue"/>
                </Property>
              </Property>
              <Property name="operations" type="List"/>
            </Property>
          </Properties>
          <Connection moduleOutId="16547976" type="aggregation">
            <ConnectionId>16548028</ConnectionId>
            <Properties version="4.1">
              <Property name="association" type="Map">
                <Property name="start" type="Map">
                  <Property name="name"/>
                  <Property name="comment"/>
                  <Property name="initialvalue"/>
                  <Property name="multiplicity">1</Property>
                  <Property name="visibility">public</Property>
                  <Property name="arrangement">unspecified</Property>
                  <Property name="modifier" type="List">
                    <Property name="navigable"/>
                  </Property>
                </Property>
                <Property name="end" type="Map">
                  <Property name="name"/>
                  <Property name="comment"/>
                  <Property name="initialvalue"/>
                  <Property name="multiplicity">1</Property>
                  <Property name="visibility">public</Property>
                  <Property name="arrangement">unspecified</Property>
                  <Property name="modifier" type="List">
                    <Property name="navigable"/>
                  </Property>
                </Property>
              </Property>
            </Properties>
            <StyleSheet>
              <Junctures>
                <Point xPos="430" yPos="620"/>
                <Point xPos="490" yPos="620"/>
                <Point xPos="490" yPos="620"/>
                <Point xPos="530" yPos="620"/>
              </Junctures>
            </StyleSheet>
          </Connection>
          <Connection moduleOutId="16547996" type="aggregation">
            <ConnectionId>16548027</ConnectionId>
            <Properties version="4.1">
              <Property name="aggregation" type="Map">
                <Property name="start" type="Map">
                  <Property name="name"/>
                  <Property name="comment"/>
                  <Property name="initialvalue"/>
                  <Property name="multiplicity">1</Property>
                  <Property name="visibility">public</Property>
                  <Property name="arrangement">unspecified</Property>
                  <Property name="modifier" type="List">
                    <Property name="navigable"/>
                  </Property>
                </Property>
                <Property name="end" type="Map">
                  <Property name="name"/>
                  <Property name="comment"/>
                  <Property name="initialvalue"/>
                  <Property name="multiplicity">1</Property>
                  <Property name="visibility">public</Property>
                  <Property name="arrangement">unspecified</Property>
                  <Property name="modifier" type="List">
                    <Property name="navigable"/>
                  </Property>
                </Property>
              </Property>
            </Properties>
          </Connection>
        </WorkflowModule>
        <WorkflowModule moduleType="cdClass">
          <ModuleId>16548020</ModuleId>
          <ModuleName>Alter Stromlieferant</ModuleName>
          <StyleSheet height="50" width="180" xPos="700" yPos="330"/>
          <Properties version="4.1">
            <Property name="class" type="Map">
              <Property name="visibility">public</Property>
              <Property name="modifiers" type="List"/>
              <Property name="constraints"/>
              <Property name="stereotypes" type="List"/>
              <Property name="attributes" type="List">
                <Property name="attribute" type="List">
                  <Property name="name">Name</Property>
                  <Property name="comment"/>
                  <Property name="type">string</Property>
                  <Property name="multiplicity">1</Property>
                  <Property name="visibility">public</Property>
                  <Property name="startvalue"/>
                </Property>
              </Property>
              <Property name="operations" type="List"/>
            </Property>
          </Properties>
        </WorkflowModule>
        <WorkflowModule moduleType="cdClass">
          <ModuleId>16547976</ModuleId>
          <ModuleName>Nachricht</ModuleName>
          <StyleSheet height="120" width="140" xPos="530" yPos="575"/>
          <Properties version="4.1">
            <Property name="class" type="Map">
              <Property name="visibility">public</Property>
              <Property name="modifiers" type="List"/>
              <Property name="constraints"/>
              <Property name="stereotypes" type="List"/>
              <Property name="attributes" type="List">
                <Property name="attribute" type="List">
                  <Property name="name">ID</Property>
                  <Property name="comment"/>
                  <Property name="type">int</Property>
                  <Property name="multiplicity">1</Property>
                  <Property name="visibility">public</Property>
                  <Property name="startvalue"/>
                </Property>
                <Property name="attribute" type="List">
                  <Property name="name">@type</Property>
                  <Property name="comment"/>
                  <Property name="type">string</Property>
                  <Property name="multiplicity">1</Property>
                  <Property name="visibility">public</Property>
                  <Property name="startvalue"/>
                </Property>
                <Property name="attribute" type="List">
                  <Property name="name">@version</Property>
                  <Property name="comment"/>
                  <Property name="type">string</Property>
                  <Property name="multiplicity">1</Property>
                  <Property name="visibility">public</Property>
                  <Property name="startvalue"/>
                </Property>
                <Property name="attribute" type="List">
                  <Property name="name">@release</Property>
                  <Property name="comment"/>
                  <Property name="type">string</Property>
                  <Property name="multiplicity">1</Property>
                  <Property name="visibility">public</Property>
                  <Property name="startvalue"/>
                </Property>
                <Property name="attribute" type="List">
                  <Property name="name">@agency</Property>
                  <Property name="comment"/>
                  <Property name="type">string</Property>
                  <Property name="multiplicity">1</Property>
                  <Property name="visibility">public</Property>
                  <Property name="startvalue"/>
                </Property>
                <Property name="attribute" type="List">
                  <Property name="name">@assoc_assigned</Property>
                  <Property name="comment"/>
                  <Property name="type">string</Property>
                  <Property name="multiplicity">1</Property>
                  <Property name="visibility">public</Property>
                  <Property name="startvalue"/>
                </Property>
              </Property>
              <Property name="operations" type="List"/>
            </Property>
          </Properties>
        </WorkflowModule>
        <WorkflowModule moduleType="cdClass">
          <ModuleId>16547975</ModuleId>
          <ModuleName>Envelope</ModuleName>
          <StyleSheet height="90" width="120" xPos="720" yPos="580"/>
          <Properties version="4.1">
            <Property name="class" type="Map">
              <Property name="visibility">public</Property>
              <Property name="modifiers" type="List"/>
              <Property name="constraints"/>
              <Property name="stereotypes" type="List"/>
              <Property name="attributes" type="List">
                <Property name="attribute" type="List">
                  <Property name="name">ID</Property>
                  <Property name="comment"/>
                  <Property name="type">int</Property>
                  <Property name="multiplicity">1</Property>
                  <Property name="visibility">public</Property>
                  <Property name="startvalue"/>
                </Property>
                <Property name="attribute" type="List">
                  <Property name="name">Datum</Property>
                  <Property name="comment"/>
                  <Property name="type">date</Property>
                  <Property name="multiplicity">1</Property>
                  <Property name="visibility">public</Property>
                  <Property name="startvalue"/>
                </Property>
                <Property name="attribute" type="List">
                  <Property name="name">Absender</Property>
                  <Property name="comment"/>
                  <Property name="type">string</Property>
                  <Property name="multiplicity">1</Property>
                  <Property name="visibility">public</Property>
                  <Property name="startvalue"/>
                </Property>
                <Property name="attribute" type="List">
                  <Property name="name">Empfänger</Property>
                  <Property name="comment"/>
                  <Property name="type">string</Property>
                  <Property name="multiplicity">1</Property>
                  <Property name="visibility">public</Property>
                  <Property name="startvalue"/>
                </Property>
              </Property>
              <Property name="operations" type="List"/>
            </Property>
          </Properties>
          <Connection moduleOutId="16547976" type="aggregation">
            <ConnectionId>16548018</ConnectionId>
            <Properties version="4.1">
              <Property name="aggregation" type="Map">
                <Property name="start" type="Map">
                  <Property name="name"/>
                  <Property name="comment"/>
                  <Property name="initialvalue"/>
                  <Property name="multiplicity">1</Property>
                  <Property name="visibility">public</Property>
                  <Property name="arrangement">unspecified</Property>
                  <Property name="modifier" type="List">
                    <Property name="navigable"/>
                  </Property>
                </Property>
                <Property name="end" type="Map">
                  <Property name="name"/>
                  <Property name="comment"/>
                  <Property name="initialvalue"/>
                  <Property name="multiplicity">1</Property>
                  <Property name="visibility">public</Property>
                  <Property name="arrangement">unspecified</Property>
                  <Property name="modifier" type="List">
                    <Property name="navigable"/>
                  </Property>
                </Property>
              </Property>
            </Properties>
            <StyleSheet>
              <Junctures>
                <Point xPos="720" yPos="630"/>
                <Point xPos="695" yPos="630"/>
                <Point xPos="695" yPos="630"/>
                <Point xPos="670" yPos="630"/>
              </Junctures>
            </StyleSheet>
          </Connection>
        </WorkflowModule>
        <WorkflowModule moduleType="cdClass">
          <ModuleId>16547974</ModuleId>
          <ModuleName>Message Repository</ModuleName>
          <StyleSheet height="70" width="120" xPos="720" yPos="455"/>
          <Properties version="4.1">
            <Property name="class" type="Map">
              <Property name="visibility">public</Property>
              <Property name="modifiers" type="List"/>
              <Property name="constraints"/>
              <Property name="stereotypes" type="List">
                <Property name="stereotype" type="List">
                  <Property name="name">root_instance</Property>
                </Property>
              </Property>
              <Property name="attributes" type="List"/>
              <Property name="operations" type="List"/>
            </Property>
          </Properties>
          <Connection moduleOutId="16547975" type="aggregation">
            <ConnectionId>16548017</ConnectionId>
            <Properties version="4.1">
              <Property name="aggregation" type="Map">
                <Property name="start" type="Map">
                  <Property name="name"/>
                  <Property name="comment"/>
                  <Property name="initialvalue"/>
                  <Property name="multiplicity">1</Property>
                  <Property name="visibility">public</Property>
                  <Property name="arrangement">unspecified</Property>
                  <Property name="modifier" type="List">
                    <Property name="navigable"/>
                  </Property>
                </Property>
                <Property name="end" type="Map">
                  <Property name="name"/>
                  <Property name="comment"/>
                  <Property name="initialvalue"/>
                  <Property name="multiplicity">1</Property>
                  <Property name="visibility">public</Property>
                  <Property name="arrangement">unspecified</Property>
                  <Property name="modifier" type="List">
                    <Property name="navigable"/>
                  </Property>
                </Property>
              </Property>
            </Properties>
          </Connection>
        </WorkflowModule>
        <WorkflowModule moduleType="cdClass">
          <ModuleId>16548032</ModuleId>
          <ModuleName>Rechnungsadresse</ModuleName>
          <StyleSheet height="140" width="120" xPos="130" yPos="230"/>
          <Properties version="4.1">
            <Property name="class" type="Map">
              <Property name="visibility">public</Property>
              <Property name="modifiers" type="List"/>
              <Property name="constraints"/>
              <Property name="stereotypes" type="List"/>
              <Property name="attributes" type="List">
                <Property name="attribute" type="List">
                  <Property name="name">Anrede</Property>
                  <Property name="comment"/>
                  <Property name="type">Enum</Property>
                  <Property name="multiplicity">1</Property>
                  <Property name="visibility">public</Property>
                  <Property name="startvalue"/>
                </Property>
                <Property name="attribute" type="List">
                  <Property name="name">Vorname</Property>
                  <Property name="comment"/>
                  <Property name="type">string</Property>
                  <Property name="multiplicity">1</Property>
                  <Property name="visibility">public</Property>
                  <Property name="startvalue"/>
                </Property>
                <Property name="attribute" type="List">
                  <Property name="name">Nachname</Property>
                  <Property name="comment"/>
                  <Property name="type">string</Property>
                  <Property name="multiplicity">1</Property>
                  <Property name="visibility">public</Property>
                  <Property name="startvalue"/>
                </Property>
                <Property name="attribute" type="List">
                  <Property name="name">Straße</Property>
                  <Property name="comment"/>
                  <Property name="type">string</Property>
                  <Property name="multiplicity">1</Property>
                  <Property name="visibility">public</Property>
                  <Property name="startvalue"/>
                </Property>
                <Property name="attribute" type="List">
                  <Property name="name">Hausnummer</Property>
                  <Property name="comment"/>
                  <Property name="type">int</Property>
                  <Property name="multiplicity">1</Property>
                  <Property name="visibility">public</Property>
                  <Property name="startvalue"/>
                </Property>
                <Property name="attribute" type="List">
                  <Property name="name">PLZ</Property>
                  <Property name="comment"/>
                  <Property name="type">string</Property>
                  <Property name="multiplicity">1</Property>
                  <Property name="visibility">public</Property>
                  <Property name="startvalue"/>
                </Property>
                <Property name="attribute" type="List">
                  <Property name="name">Ort</Property>
                  <Property name="comment"/>
                  <Property name="type">string</Property>
                  <Property name="multiplicity">1</Property>
                  <Property name="visibility">public</Property>
                  <Property name="startvalue"/>
                </Property>
                <Property name="attribute" type="List">
                  <Property name="name">Postfach</Property>
                  <Property name="comment"/>
                  <Property name="type">string</Property>
                  <Property name="multiplicity">1</Property>
                  <Property name="visibility">public</Property>
                  <Property name="startvalue"/>
                </Property>
              </Property>
              <Property name="operations" type="List"/>
            </Property>
          </Properties>
        </WorkflowModule>
        <WorkflowModule moduleType="cdClass">
          <ModuleId>1171</ModuleId>
          <ModuleName>Auftrag</ModuleName>
          <StyleSheet height="110" width="150" xPos="475" yPos="260"/>
          <Properties version="4.1">
            <Property name="class" type="Map">
              <Property name="visibility">public</Property>
              <Property name="modifiers" type="List"/>
              <Property name="constraints"/>
              <Property name="stereotypes" type="List"/>
              <Property name="attributes" type="List">
                <Property name="attribute" type="List">
                  <Property name="name">Wechseltermin</Property>
                  <Property name="comment"/>
                  <Property name="type">date</Property>
                  <Property name="multiplicity">1</Property>
                  <Property name="visibility">public</Property>
                  <Property name="startvalue"/>
                </Property>
                <Property name="attribute" type="List">
                  <Property name="name">Akt. Kundennummer</Property>
                  <Property name="comment"/>
                  <Property name="type">int</Property>
                  <Property name="multiplicity">1</Property>
                  <Property name="visibility">public</Property>
                  <Property name="startvalue"/>
                </Property>
                <Property name="attribute" type="List">
                  <Property name="name">Zählernummer</Property>
                  <Property name="comment"/>
                  <Property name="type">int</Property>
                  <Property name="multiplicity">1</Property>
                  <Property name="visibility">public</Property>
                  <Property name="startvalue"/>
                </Property>
                <Property name="attribute" type="List">
                  <Property name="name">Bonitätsprüfung</Property>
                  <Property name="comment"/>
                  <Property name="type">string</Property>
                  <Property name="multiplicity">1</Property>
                  <Property name="visibility">public</Property>
                  <Property name="startvalue"/>
                </Property>
                <Property name="attribute" type="List">
                  <Property name="name">Vertrag kündigen</Property>
                  <Property name="comment"/>
                  <Property name="type">bool</Property>
                  <Property name="multiplicity">1</Property>
                  <Property name="visibility">public</Property>
                  <Property name="startvalue"/>
                </Property>
              </Property>
              <Property name="operations" type="List"/>
            </Property>
          </Properties>
          <Connection moduleOutId="16548001" type="aggregation">
            <ConnectionId>16548023</ConnectionId>
            <Properties version="4.1">
              <Property name="aggregation" type="Map">
                <Property name="start" type="Map">
                  <Property name="name"/>
                  <Property name="comment"/>
                  <Property name="initialvalue"/>
                  <Property name="multiplicity">1</Property>
                  <Property name="visibility">public</Property>
                  <Property name="arrangement">unspecified</Property>
                  <Property name="modifier" type="List">
                    <Property name="navigable"/>
                  </Property>
                </Property>
                <Property name="end" type="Map">
                  <Property name="name"/>
                  <Property name="comment"/>
                  <Property name="initialvalue"/>
                  <Property name="multiplicity">1</Property>
                  <Property name="visibility">public</Property>
                  <Property name="arrangement">unspecified</Property>
                  <Property name="modifier" type="List">
                    <Property name="navigable"/>
                  </Property>
                </Property>
              </Property>
            </Properties>
            <StyleSheet>
              <Junctures>
                <Point xPos="625" yPos="305"/>
                <Point xPos="670" yPos="305"/>
                <Point xPos="670" yPos="240"/>
                <Point xPos="700" yPos="240"/>
              </Junctures>
            </StyleSheet>
          </Connection>
          <Connection moduleOutId="16548020" type="aggregation">
            <ConnectionId>16548024</ConnectionId>
            <Properties version="4.1">
              <Property name="aggregation" type="Map">
                <Property name="start" type="Map">
                  <Property name="name"/>
                  <Property name="comment"/>
                  <Property name="initialvalue"/>
                  <Property name="multiplicity">1</Property>
                  <Property name="visibility">public</Property>
                  <Property name="arrangement">unspecified</Property>
                  <Property name="modifier" type="List">
                    <Property name="navigable"/>
                  </Property>
                </Property>
                <Property name="end" type="Map">
                  <Property name="name"/>
                  <Property name="comment"/>
                  <Property name="initialvalue"/>
                  <Property name="multiplicity">1</Property>
                  <Property name="visibility">public</Property>
                  <Property name="arrangement">unspecified</Property>
                  <Property name="modifier" type="List">
                    <Property name="navigable"/>
                  </Property>
                </Property>
              </Property>
            </Properties>
            <StyleSheet>
              <Junctures>
                <Point xPos="625" yPos="305"/>
                <Point xPos="670" yPos="305"/>
                <Point xPos="670" yPos="360"/>
                <Point xPos="700" yPos="360"/>
              </Junctures>
            </StyleSheet>
          </Connection>
        </WorkflowModule>
        <WorkflowModule moduleType="cdClass">
          <ModuleId>1170</ModuleId>
          <ModuleName>Kunde</ModuleName>
          <StyleSheet height="170" width="120" xPos="300" yPos="220"/>
          <Properties version="4.1">
            <Property name="class" type="Map">
              <Property name="visibility">public</Property>
              <Property name="modifiers" type="List"/>
              <Property name="constraints"/>
              <Property name="stereotypes" type="List"/>
              <Property name="attributes" type="List">
                <Property name="attribute" type="List">
                  <Property name="name">Anrede</Property>
                  <Property name="comment"/>
                  <Property name="type">Enum</Property>
                  <Property name="multiplicity">1</Property>
                  <Property name="visibility">public</Property>
                  <Property name="startvalue"/>
                </Property>
                <Property name="attribute" type="List">
                  <Property name="name">Vorname</Property>
                  <Property name="comment"/>
                  <Property name="type">string</Property>
                  <Property name="multiplicity">1</Property>
                  <Property name="visibility">public</Property>
                  <Property name="startvalue"/>
                </Property>
                <Property name="attribute" type="List">
                  <Property name="name">Nachname</Property>
                  <Property name="comment"/>
                  <Property name="type">string</Property>
                  <Property name="multiplicity">1</Property>
                  <Property name="visibility">public</Property>
                  <Property name="startvalue"/>
                </Property>
                <Property name="attribute" type="List">
                  <Property name="name">Straße</Property>
                  <Property name="comment"/>
                  <Property name="type">string</Property>
                  <Property name="multiplicity">1</Property>
                  <Property name="visibility">public</Property>
                  <Property name="startvalue"/>
                </Property>
                <Property name="attribute" type="List">
                  <Property name="name">Hausnummer</Property>
                  <Property name="comment"/>
                  <Property name="type">int</Property>
                  <Property name="multiplicity">1</Property>
                  <Property name="visibility">public</Property>
                  <Property name="startvalue"/>
                </Property>
                <Property name="attribute" type="List">
                  <Property name="name">PLZ</Property>
                  <Property name="comment"/>
                  <Property name="type">string</Property>
                  <Property name="multiplicity">1</Property>
                  <Property name="visibility">public</Property>
                  <Property name="startvalue"/>
                </Property>
                <Property name="attribute" type="List">
                  <Property name="name">Ort</Property>
                  <Property name="comment"/>
                  <Property name="type">string</Property>
                  <Property name="multiplicity">1</Property>
                  <Property name="visibility">public</Property>
                  <Property name="startvalue"/>
                </Property>
                <Property name="attribute" type="List">
                  <Property name="name">Telefon</Property>
                  <Property name="comment"/>
                  <Property name="type">string</Property>
                  <Property name="multiplicity">1</Property>
                  <Property name="visibility">public</Property>
                  <Property name="startvalue"/>
                </Property>
                <Property name="attribute" type="List">
                  <Property name="name">Email</Property>
                  <Property name="comment"/>
                  <Property name="type">string</Property>
                  <Property name="multiplicity">1</Property>
                  <Property name="visibility">public</Property>
                  <Property name="startvalue"/>
                </Property>
                <Property name="attribute" type="List">
                  <Property name="name">Geburtstag</Property>
                  <Property name="comment"/>
                  <Property name="type">date</Property>
                  <Property name="multiplicity">1</Property>
                  <Property name="visibility">public</Property>
                  <Property name="startvalue"/>
                </Property>
              </Property>
              <Property name="operations" type="List"/>
            </Property>
          </Properties>
          <Connection moduleOutId="1171" type="aggregation">
            <ConnectionId>16548005</ConnectionId>
            <Properties version="4.1">
              <Property name="aggregation" type="Map">
                <Property name="start" type="Map">
                  <Property name="name"/>
                  <Property name="comment"/>
                  <Property name="initialvalue"/>
                  <Property name="multiplicity">1</Property>
                  <Property name="visibility">public</Property>
                  <Property name="arrangement">unspecified</Property>
                  <Property name="modifier" type="List">
                    <Property name="navigable"/>
                  </Property>
                </Property>
                <Property name="end" type="Map">
                  <Property name="name"/>
                  <Property name="comment"/>
                  <Property name="initialvalue"/>
                  <Property name="multiplicity">1</Property>
                  <Property name="visibility">public</Property>
                  <Property name="arrangement">unspecified</Property>
                  <Property name="modifier" type="List">
                    <Property name="navigable"/>
                  </Property>
                </Property>
              </Property>
            </Properties>
            <StyleSheet>
              <Junctures>
                <Point xPos="420" yPos="300"/>
                <Point xPos="447" yPos="300"/>
                <Point xPos="447" yPos="300"/>
                <Point xPos="475" yPos="300"/>
              </Junctures>
            </StyleSheet>
          </Connection>
          <Connection moduleOutId="16548032" type="aggregation">
            <ConnectionId>16548035</ConnectionId>
            <Properties version="4.1">
              <Property name="aggregation" type="Map">
                <Property name="start" type="Map">
                  <Property name="name"/>
                  <Property name="comment"/>
                  <Property name="initialvalue"/>
                  <Property name="multiplicity">1</Property>
                  <Property name="visibility">public</Property>
                  <Property name="arrangement">unspecified</Property>
                  <Property name="modifier" type="List">
                    <Property name="navigable"/>
                  </Property>
                </Property>
                <Property name="end" type="Map">
                  <Property name="name"/>
                  <Property name="comment"/>
                  <Property name="initialvalue"/>
                  <Property name="multiplicity">1</Property>
                  <Property name="visibility">public</Property>
                  <Property name="arrangement">unspecified</Property>
                  <Property name="modifier" type="List">
                    <Property name="navigable"/>
                  </Property>
                </Property>
              </Property>
            </Properties>
            <StyleSheet>
              <Junctures>
                <Point xPos="300" yPos="300"/>
                <Point xPos="275" yPos="300"/>
                <Point xPos="250" yPos="300"/>
              </Junctures>
            </StyleSheet>
          </Connection>
          <Connection moduleOutId="16547977" type="aggregation">
            <ConnectionId>16548019</ConnectionId>
            <Properties version="4.1">
              <Property name="aggregation" type="Map">
                <Property name="start" type="Map">
                  <Property name="name"/>
                  <Property name="comment"/>
                  <Property name="initialvalue"/>
                  <Property name="multiplicity">1</Property>
                  <Property name="visibility">public</Property>
                  <Property name="arrangement">unspecified</Property>
                  <Property name="modifier" type="List">
                    <Property name="navigable"/>
                  </Property>
                </Property>
                <Property name="end" type="Map">
                  <Property name="name"/>
                  <Property name="comment"/>
                  <Property name="initialvalue"/>
                  <Property name="multiplicity">1</Property>
                  <Property name="visibility">public</Property>
                  <Property name="arrangement">unspecified</Property>
                  <Property name="modifier" type="List">
                    <Property name="navigable"/>
                  </Property>
                </Property>
              </Property>
            </Properties>
          </Connection>
        </WorkflowModule>
        <WorkflowModule moduleType="cdClass">
          <ModuleId>16547996</ModuleId>
          <ModuleName>Rechnungsposition</ModuleName>
          <StyleSheet height="140" width="200" xPos="260" yPos="740"/>
          <Properties version="4.1">
            <Property name="class" type="Map">
              <Property name="visibility">public</Property>
              <Property name="modifiers" type="List"/>
              <Property name="constraints"/>
              <Property name="stereotypes" type="List"/>
              <Property name="attributes" type="List">
                <Property name="attribute" type="List">
                  <Property name="name">Energetische Mengenangabe</Property>
                  <Property name="comment"/>
                  <Property name="type">enum</Property>
                  <Property name="multiplicity">1</Property>
                  <Property name="visibility">public</Property>
                  <Property name="startvalue"/>
                </Property>
                <Property name="attribute" type="List">
                  <Property name="name">Beginn Rechnungszeitraum</Property>
                  <Property name="comment"/>
                  <Property name="type">date</Property>
                  <Property name="multiplicity">1</Property>
                  <Property name="visibility">public</Property>
                  <Property name="startvalue"/>
                </Property>
                <Property name="attribute" type="List">
                  <Property name="name">Ende Rechnungszeitraum</Property>
                  <Property name="comment"/>
                  <Property name="type">date</Property>
                  <Property name="multiplicity">1</Property>
                  <Property name="visibility">public</Property>
                  <Property name="startvalue"/>
                </Property>
                <Property name="attribute" type="List">
                  <Property name="name">Positionsnettobetrag</Property>
                  <Property name="comment"/>
                  <Property name="type">int</Property>
                  <Property name="multiplicity">1</Property>
                  <Property name="visibility">public</Property>
                  <Property name="startvalue"/>
                </Property>
                <Property name="attribute" type="List">
                  <Property name="name">Gesamtbetrag</Property>
                  <Property name="comment"/>
                  <Property name="type">int</Property>
                  <Property name="multiplicity">1</Property>
                  <Property name="visibility">public</Property>
                  <Property name="startvalue"/>
                </Property>
                <Property name="attribute" type="List">
                  <Property name="name">Preis</Property>
                  <Property name="comment"/>
                  <Property name="type">int</Property>
                  <Property name="multiplicity">1</Property>
                  <Property name="visibility">public</Property>
                  <Property name="startvalue"/>
                </Property>
                <Property name="attribute" type="List">
                  <Property name="name">Steuersatz</Property>
                  <Property name="comment"/>
                  <Property name="type">enum</Property>
                  <Property name="multiplicity">1</Property>
                  <Property name="visibility">public</Property>
                  <Property name="startvalue"/>
                </Property>
                <Property name="attribute" type="List">
                  <Property name="name">Positionsdaten</Property>
                  <Property name="comment"/>
                  <Property name="type">int</Property>
                  <Property name="multiplicity">1</Property>
                  <Property name="visibility">public</Property>
                  <Property name="startvalue"/>
                </Property>
              </Property>
              <Property name="operations" type="List"/>
            </Property>
          </Properties>
        </WorkflowModule>
        <WorkflowModule moduleType="cdClass">
          <ModuleId>16548001</ModuleId>
          <ModuleName>Zahlungsanweisung</ModuleName>
          <StyleSheet height="120" width="180" xPos="700" yPos="195"/>
          <Properties version="4.1">
            <Property name="class" type="Map">
              <Property name="visibility">public</Property>
              <Property name="modifiers" type="List"/>
              <Property name="constraints"/>
              <Property name="stereotypes" type="List"/>
              <Property name="attributes" type="List">
                <Property name="attribute" type="List">
                  <Property name="name">KNR</Property>
                  <Property name="comment"/>
                  <Property name="type">string</Property>
                  <Property name="multiplicity">1</Property>
                  <Property name="visibility">public</Property>
                  <Property name="startvalue"/>
                </Property>
                <Property name="attribute" type="List">
                  <Property name="name">BLZ</Property>
                  <Property name="comment"/>
                  <Property name="type">string</Property>
                  <Property name="multiplicity">1</Property>
                  <Property name="visibility">public</Property>
                  <Property name="startvalue"/>
                </Property>
                <Property name="attribute" type="List">
                  <Property name="name">Kontoinhaber Vorname</Property>
                  <Property name="comment"/>
                  <Property name="type">string</Property>
                  <Property name="multiplicity">1</Property>
                  <Property name="visibility">public</Property>
                  <Property name="startvalue"/>
                </Property>
                <Property name="attribute" type="List">
                  <Property name="name">Kontoinhaber Nachname</Property>
                  <Property name="comment"/>
                  <Property name="type">string</Property>
                  <Property name="multiplicity">1</Property>
                  <Property name="visibility">public</Property>
                  <Property name="startvalue"/>
                </Property>
                <Property name="attribute" type="List">
                  <Property name="name">Lastschrift</Property>
                  <Property name="comment"/>
                  <Property name="type">bool</Property>
                  <Property name="multiplicity">1</Property>
                  <Property name="visibility">public</Property>
                  <Property name="startvalue"/>
                </Property>
                <Property name="attribute" type="List">
                  <Property name="name">Überweisung</Property>
                  <Property name="comment"/>
                  <Property name="type">bool</Property>
                  <Property name="multiplicity">1</Property>
                  <Property name="visibility">public</Property>
                  <Property name="startvalue"/>
                </Property>
              </Property>
              <Property name="operations" type="List"/>
            </Property>
          </Properties>
        </WorkflowModule>
        <WorkflowModule moduleType="Comment">
          <ModuleId>16548252</ModuleId>
          <ModuleName>@meta
deploy=true
xmlns:goodenergy=http://www.inubit.com/plancentral/goodenergy1.0</ModuleName>
          <StyleSheet height="66" width="410" xPos="30" yPos="900"/>
        </WorkflowModule>
      </Workflow>
    </WorkflowGroup>
  </Workflows>
</IBISWorkflow>
