<?xml version="1.0" encoding="UTF-8"?>
<IBISWorkflow version="5.1">
    <Workflows>
        <WorkflowGroup>
            <WorkflowGroupName>Test</WorkflowGroupName>
            <Workflow version="head" workflowType="bpd">
                <WorkflowName>All - BPMN</WorkflowName>
                <WorkflowUId>-4439889f:122076129f3:-7ff5</WorkflowUId>
                <Comment>&lt;p style="margin-top: 0"&gt; &lt;/p&gt;</Comment>
                <CheckinComment>@@@Server: decplex.intra.inubit.com@@@Version: 3@@@24.06.2009 15:39:06@@@</CheckinComment>
                <IsActive>true</IsActive>
                <WorkflowModule moduleType="SubProcess">
                    <ModuleId>8</ModuleId>
                    <ModuleName>sub repeat</ModuleName>
                    <ParentModule moduleId="2"/>
                    <StyleSheet xPos="450" yPos="200"/>
                    <Properties version="4.1">
                        <Property name="ModuleSpecific" type="Map">
                            <Property name="LoopType">Standard</Property>
                            <Property name="SubProcessType">Embedded</Property>
                            <Property name="IsATransaction" type="Boolean">false</Property>
                        </Property>
                    </Properties>
                    <Connection moduleOutId="10" type="SequenceFlow">
                        <ConnectionId>31</ConnectionId>
                        <Properties version="4.1">
                            <Property name="ModuleSpecific" type="Map">
                                <Property name="ConditionType">None</Property>
                            </Property>
                        </Properties>
                    </Connection>
                </WorkflowModule>
                <WorkflowModule moduleType="SubProcess">
                    <ModuleId>9</ModuleId>
                    <ModuleName>sub open</ModuleName>
                    <ParentModule moduleId="3"/>
                    <StyleSheet height="310" width="400" xPos="130" yPos="425"/>
                    <Properties version="4.1">
                        <Property name="ModuleSpecific" type="Map">
                            <Property name="LoopType">None</Property>
                            <Property name="SubProcessType">Embedded</Property>
                            <Property name="IsATransaction" type="Boolean">false</Property>
                        </Property>
                    </Properties>
                    <Connection moduleOutId="19" type="SequenceFlow">
                        <ConnectionId>40</ConnectionId>
                        <Properties version="4.1">
                            <Property name="ModuleSpecific" type="Map">
                                <Property name="ConditionType">None</Property>
                            </Property>
                        </Properties>
                    </Connection>
                </WorkflowModule>
                <WorkflowModule moduleType="PoolHorizontal">
                    <ModuleId>4</ModuleId>
                    <ModuleName>Pool 2</ModuleName>
                    <StyleSheet height="200" width="570" xPos="20" yPos="900"/>
                    <Comment>&lt;p style="margin-top: 0"&gt; &lt;/p&gt;</Comment>
                </WorkflowModule>
                <WorkflowModule moduleType="PoolLane">
                    <ModuleId>5</ModuleId>
                    <ModuleName>Pool2 - Lane2</ModuleName>
                    <ParentModule moduleId="4"/>
                    <StyleSheet height="97" width="550" xPos="39" yPos="1002"/>
                </WorkflowModule>
                <WorkflowModule moduleType="PoolLane">
                    <ModuleId>6</ModuleId>
                    <ModuleName>Pool - Lane 1</ModuleName>
                    <ParentModule moduleId="4"/>
                    <StyleSheet height="100" width="550" xPos="39" yPos="901"/>
                    <Comment>&lt;p style="margin-top: 0"&gt; &lt;/p&gt;</Comment>
                </WorkflowModule>
                <WorkflowModule moduleType="Task">
                    <ModuleId>7</ModuleId>
                    <ModuleName>Act2 parallel</ModuleName>
                    <ParentModule moduleId="2"/>
                    <StyleSheet xPos="460" yPos="30"/>
                    <Properties version="4.1">
                        <Property name="ModuleSpecific" type="Map">
                            <Property name="LoopType">MultiInstance</Property>
                            <Property name="TaskType">None</Property>
                        </Property>
                    </Properties>
                    <Connection moduleOutId="8" type="SequenceFlow">
                        <ConnectionId>30</ConnectionId>
                        <Properties version="4.1">
                            <Property name="ModuleSpecific" type="Map">
                                <Property name="ConditionType">None</Property>
                            </Property>
                        </Properties>
                    </Connection>
                </WorkflowModule>
                <WorkflowModule moduleType="PoolHorizontal">
                    <ModuleId>1</ModuleId>
                    <ModuleName>Pool 1</ModuleName>
                    <StyleSheet height="851" width="590" xPos="20" yPos="10"/>
                    <Comment>&lt;p style="margin-top: 0"&gt; &lt;/p&gt;</Comment>
                </WorkflowModule>
                <WorkflowModule moduleType="SubProcess">
                    <ModuleId>10</ModuleId>
                    <ModuleName>sub closed</ModuleName>
                    <ParentModule moduleId="3"/>
                    <StyleSheet xPos="450" yPos="350"/>
                    <Properties version="4.1">
                        <Property name="ModuleSpecific" type="Map">
                            <Property name="LoopType">None</Property>
                            <Property name="SubProcessType">Reference</Property>
                            <Property name="IsATransaction" type="Boolean">false</Property>
                        </Property>
                    </Properties>
                    <Connection moduleOutId="9" type="SequenceFlow">
                        <ConnectionId>32</ConnectionId>
                        <Properties version="4.1">
                            <Property name="ModuleSpecific" type="Map">
                                <Property name="ConditionType">None</Property>
                            </Property>
                        </Properties>
                        <StyleSheet>
                            <Junctures>
                                <Point xPos="450" yPos="370"/>
                                <Point xPos="330" yPos="370"/>
                                <Point xPos="330" yPos="425"/>
                            </Junctures>
                        </StyleSheet>
                    </Connection>
                </WorkflowModule>
                <WorkflowModule moduleType="PoolLane">
                    <ModuleId>2</ModuleId>
                    <ModuleName>Pool - Lane 1</ModuleName>
                    <ParentModule moduleId="1"/>
                    <StyleSheet height="319" width="570" xPos="39" yPos="11"/>
                    <Comment>&lt;p style="margin-top: 0"&gt; &lt;/p&gt;</Comment>
                </WorkflowModule>
                <WorkflowModule moduleType="PoolLane">
                    <ModuleId>3</ModuleId>
                    <ModuleName>Pool - Lane 2</ModuleName>
                    <ParentModule moduleId="1"/>
                    <StyleSheet height="529" width="570" xPos="39" yPos="331"/>
                    <Comment>&lt;p style="margin-top: 0"&gt; &lt;/p&gt;</Comment>
                </WorkflowModule>
                <WorkflowModule moduleType="Task">
                    <ModuleId>28</ModuleId>
                    <ModuleName>act with data</ModuleName>
                    <ParentModule moduleId="6"/>
                    <StyleSheet xPos="260" yPos="910"/>
                    <Properties version="4.1">
                        <Property name="ModuleSpecific" type="Map">
                            <Property name="LoopType">None</Property>
                            <Property name="TaskType">None</Property>
                        </Property>
                    </Properties>
                    <Connection moduleOutId="25" type="Association">
                        <ConnectionId>51</ConnectionId>
                        <Properties version="4.1">
                            <Property name="ModuleSpecific" type="Map">
                                <Property name="Direction">One</Property>
                            </Property>
                        </Properties>
                    </Connection>
                    <Connection moduleOutId="9" type="MessageFlow">
                        <ConnectionId>52</ConnectionId>
                    </Connection>
                    <Comment>&lt;p style="margin-top: 0"&gt; &lt;/p&gt;</Comment>
                </WorkflowModule>
                <WorkflowModule moduleType="StopEvent">
                    <ModuleId>27</ModuleId>
                    <ModuleName>end process</ModuleName>
                    <ParentModule moduleId="5"/>
                    <StyleSheet xPos="495" yPos="1045"/>
                    <Properties version="4.1">
                        <Property name="ModuleSpecific" type="Map">
                            <Property name="ResultType">None</Property>
                        </Property>
                    </Properties>
                    <Comment>&lt;p style="margin-top: 0"&gt; &lt;/p&gt;</Comment>
                </WorkflowModule>
                <WorkflowModule moduleType="TextAnnotation">
                    <ModuleId>26</ModuleId>
                    <ModuleName>comment</ModuleName>
                    <StyleSheet xPos="640" yPos="800"/>
                    <Comment>&lt;p style="margin-top: 0"&gt; &lt;/p&gt;</Comment>
                </WorkflowModule>
                <WorkflowModule moduleType="DataObject">
                    <ModuleId>25</ModuleId>
                    <ModuleName>data Object</ModuleName>
                    <ParentModule moduleId="6"/>
                    <StyleSheet xPos="145" yPos="925"/>
                    <Connection moduleOutId="27" type="Association">
                        <ConnectionId>49</ConnectionId>
                        <Properties version="4.1">
                            <Property name="ModuleSpecific" type="Map">
                                <Property name="Direction">One</Property>
                            </Property>
                        </Properties>
                    </Connection>
                    <Comment>&lt;p style="margin-top: 0"&gt; &lt;/p&gt;</Comment>
                </WorkflowModule>
                <WorkflowModule moduleType="IntermediateEvent">
                    <ModuleId>24</ModuleId>
                    <ModuleName>receive messge start</ModuleName>
                    <ParentModule moduleId="6"/>
                    <StyleSheet xPos="495" yPos="925"/>
                    <Properties version="4.1">
                        <Property name="ModuleSpecific" type="Map">
                            <Property name="TriggerType">Message</Property>
                        </Property>
                    </Properties>
                    <Connection moduleOutId="27" type="SequenceFlow">
                        <ConnectionId>48</ConnectionId>
                        <Properties version="4.1">
                            <Property name="ModuleSpecific" type="Map">
                                <Property name="ConditionType">None</Property>
                            </Property>
                        </Properties>
                    </Connection>
                    <Connection moduleOutId="26" type="Association">
                        <ConnectionId>47</ConnectionId>
                        <Properties version="4.1">
                            <Property name="ModuleSpecific" type="Map">
                                <Property name="Direction">None</Property>
                            </Property>
                        </Properties>
                        <StyleSheet>
                            <Junctures>
                                <Point xPos="525" yPos="940"/>
                                <Point xPos="730" yPos="940"/>
                                <Point xPos="730" yPos="940"/>
                                <Point xPos="730" yPos="900"/>
                            </Junctures>
                        </StyleSheet>
                    </Connection>
                    <Connection moduleOutId="28" type="SequenceFlow">
                        <ConnectionId>50</ConnectionId>
                        <Properties version="4.1">
                            <Property name="ModuleSpecific" type="Map">
                                <Property name="ConditionType">None</Property>
                            </Property>
                        </Properties>
                    </Connection>
                    <Comment>&lt;p style="margin-top: 0"&gt; &lt;/p&gt;</Comment>
                </WorkflowModule>
                <WorkflowModule moduleType="IntermediateEvent">
                    <ModuleId>23</ModuleId>
                    <ModuleName>send message end</ModuleName>
                    <ParentModule moduleId="3"/>
                    <StyleSheet xPos="305" yPos="795"/>
                    <Properties version="4.1">
                        <Property name="ModuleSpecific" type="Map">
                            <Property name="TriggerType">MessageThrowing</Property>
                        </Property>
                    </Properties>
                    <Connection moduleOutId="24" type="MessageFlow">
                        <ConnectionId>46</ConnectionId>
                        <StyleSheet>
                            <Junctures>
                                <Point xPos="335" yPos="810"/>
                                <Point xPos="510" yPos="810"/>
                                <Point xPos="510" yPos="925"/>
                            </Junctures>
                        </StyleSheet>
                    </Connection>
                    <Comment>&lt;p style="margin-top: 0"&gt; &lt;/p&gt;</Comment>
                </WorkflowModule>
                <WorkflowModule moduleType="Gateway">
                    <ModuleId>22</ModuleId>
                    <ModuleName>AND</ModuleName>
                    <ParentModule moduleId="3"/>
                    <StyleSheet xPos="190" yPos="790"/>
                    <Properties version="4.1">
                        <Property name="ModuleSpecific" type="Map">
                            <Property name="GatewayType">Parallel</Property>
                        </Property>
                    </Properties>
                    <Connection moduleOutId="23" type="SequenceFlow">
                        <ConnectionId>45</ConnectionId>
                        <Properties version="4.1">
                            <Property name="ModuleSpecific" type="Map">
                                <Property name="ConditionType">None</Property>
                            </Property>
                        </Properties>
                    </Connection>
                    <Comment>&lt;p style="margin-top: 0"&gt; &lt;/p&gt;</Comment>
                </WorkflowModule>
                <WorkflowModule moduleType="Task">
                    <ModuleId>61</ModuleId>
                    <ParentModule moduleId="9"/>
                    <StyleSheet xPos="360" yPos="530"/>
                    <Properties version="4.1">
                        <Property name="ModuleSpecific" type="Map">
                            <Property name="LoopType">None</Property>
                            <Property name="TaskType">None</Property>
                        </Property>
                    </Properties>
                    <Connection moduleOutId="63" type="SequenceFlow">
                        <ConnectionId>66</ConnectionId>
                        <Properties version="4.1">
                            <Property name="ModuleSpecific" type="Map">
                                <Property name="ConditionType">None</Property>
                            </Property>
                        </Properties>
                    </Connection>
                </WorkflowModule>
                <WorkflowModule moduleType="Task">
                    <ModuleId>60</ModuleId>
                    <ParentModule moduleId="9"/>
                    <StyleSheet xPos="230" yPos="530"/>
                    <Properties version="4.1">
                        <Property name="ModuleSpecific" type="Map">
                            <Property name="LoopType">None</Property>
                            <Property name="TaskType">None</Property>
                        </Property>
                    </Properties>
                    <Connection moduleOutId="61" type="SequenceFlow">
                        <ConnectionId>65</ConnectionId>
                        <Properties version="4.1">
                            <Property name="ModuleSpecific" type="Map">
                                <Property name="ConditionType">None</Property>
                            </Property>
                        </Properties>
                    </Connection>
                </WorkflowModule>
                <WorkflowModule moduleType="StopEvent">
                    <ModuleId>63</ModuleId>
                    <ParentModule moduleId="9"/>
                    <StyleSheet xPos="395" yPos="635"/>
                    <Properties version="4.1">
                        <Property name="ModuleSpecific" type="Map">
                            <Property name="ResultType">Terminate</Property>
                        </Property>
                    </Properties>
                </WorkflowModule>
                <WorkflowModule moduleType="StartEvent">
                    <ModuleId>62</ModuleId>
                    <ParentModule moduleId="9"/>
                    <StyleSheet xPos="165" yPos="545"/>
                    <Properties version="4.1">
                        <Property name="ModuleSpecific" type="Map">
                            <Property name="TriggerType">None</Property>
                        </Property>
                    </Properties>
                    <Connection moduleOutId="60" type="SequenceFlow">
                        <ConnectionId>64</ConnectionId>
                        <Properties version="4.1">
                            <Property name="ModuleSpecific" type="Map">
                                <Property name="ConditionType">None</Property>
                            </Property>
                        </Properties>
                    </Connection>
                </WorkflowModule>
                <WorkflowModule moduleType="Gateway">
                    <ModuleId>20</ModuleId>
                    <ModuleName>OR</ModuleName>
                    <ParentModule moduleId="3"/>
                    <StyleSheet xPos="100" yPos="750"/>
                    <Properties version="4.1">
                        <Property name="ModuleSpecific" type="Map">
                            <Property name="GatewayType">Inclusive</Property>
                        </Property>
                    </Properties>
                    <Connection moduleOutId="22" type="SequenceFlow">
                        <ConnectionId>44</ConnectionId>
                        <Properties version="4.1">
                            <Property name="ModuleSpecific" type="Map">
                                <Property name="ConditionType">None</Property>
                            </Property>
                        </Properties>
                    </Connection>
                    <Comment>&lt;p style="margin-top: 0"&gt; &lt;/p&gt;</Comment>
                </WorkflowModule>
                <WorkflowModule moduleType="Gateway">
                    <ModuleId>21</ModuleId>
                    <ModuleName>Complex</ModuleName>
                    <ParentModule moduleId="3"/>
                    <StyleSheet xPos="100" yPos="810"/>
                    <Properties version="4.1">
                        <Property name="ModuleSpecific" type="Map">
                            <Property name="GatewayType">Complex</Property>
                        </Property>
                    </Properties>
                    <Connection moduleOutId="22" type="SequenceFlow">
                        <ConnectionId>43</ConnectionId>
                        <Properties version="4.1">
                            <Property name="ModuleSpecific" type="Map">
                                <Property name="ConditionType">None</Property>
                            </Property>
                        </Properties>
                    </Connection>
                </WorkflowModule>
                <WorkflowModule moduleType="StartEvent">
                    <ModuleId>12</ModuleId>
                    <ModuleName>start normal</ModuleName>
                    <ParentModule moduleId="2"/>
                    <StyleSheet xPos="65" yPos="25"/>
                    <Properties version="4.1">
                        <Property name="ModuleSpecific" type="Map">
                            <Property name="TriggerType">None</Property>
                        </Property>
                    </Properties>
                    <Connection moduleOutId="18" type="SequenceFlow">
                        <ConnectionId>33</ConnectionId>
                        <Properties version="4.1">
                            <Property name="ModuleSpecific" type="Map">
                                <Property name="ConditionType">None</Property>
                            </Property>
                        </Properties>
                        <StyleSheet>
                            <Junctures>
                                <Point xPos="95" yPos="40"/>
                                <Point xPos="210" yPos="40"/>
                                <Point xPos="210" yPos="140"/>
                            </Junctures>
                        </StyleSheet>
                    </Connection>
                    <Comment>&lt;p style="margin-top: 0"&gt; &lt;/p&gt;</Comment>
                </WorkflowModule>
                <WorkflowModule moduleType="Task">
                    <ModuleId>11</ModuleId>
                    <ModuleName>Act 1</ModuleName>
                    <ParentModule moduleId="2"/>
                    <StyleSheet xPos="270" yPos="30"/>
                    <Properties version="4.1">
                        <Property name="ModuleSpecific" type="Map">
                            <Property name="LoopType">None</Property>
                            <Property name="TaskType">None</Property>
                        </Property>
                    </Properties>
                    <Connection moduleOutId="7" type="SequenceFlow">
                        <ConnectionId>29</ConnectionId>
                        <Properties version="4.1">
                            <Property name="ModuleSpecific" type="Map">
                                <Property name="ConditionType">None</Property>
                            </Property>
                        </Properties>
                    </Connection>
                    <Comment>&lt;p style="margin-top: 0"&gt; &lt;/p&gt;</Comment>
                </WorkflowModule>
                <WorkflowModule moduleType="StartEvent">
                    <ModuleId>14</ModuleId>
                    <ModuleName>start timer</ModuleName>
                    <ParentModule moduleId="2"/>
                    <StyleSheet xPos="75" yPos="125"/>
                    <Properties version="4.1">
                        <Property name="ModuleSpecific" type="Map">
                            <Property name="TriggerType">Timer</Property>
                        </Property>
                    </Properties>
                    <Connection moduleOutId="18" type="SequenceFlow">
                        <ConnectionId>35</ConnectionId>
                        <Properties version="4.1">
                            <Property name="ModuleSpecific" type="Map">
                                <Property name="ConditionType">None</Property>
                            </Property>
                        </Properties>
                        <StyleSheet>
                            <Junctures>
                                <Point xPos="105" yPos="140"/>
                                <Point xPos="170" yPos="140"/>
                                <Point xPos="170" yPos="160"/>
                                <Point xPos="190" yPos="160"/>
                            </Junctures>
                        </StyleSheet>
                    </Connection>
                    <Comment>&lt;p style="margin-top: 0"&gt; &lt;/p&gt;</Comment>
                </WorkflowModule>
                <WorkflowModule moduleType="StartEvent">
                    <ModuleId>13</ModuleId>
                    <ModuleName>start message</ModuleName>
                    <ParentModule moduleId="2"/>
                    <StyleSheet xPos="65" yPos="75"/>
                    <Properties version="4.1">
                        <Property name="ModuleSpecific" type="Map">
                            <Property name="TriggerType">Message</Property>
                        </Property>
                    </Properties>
                    <Connection moduleOutId="18" type="SequenceFlow">
                        <ConnectionId>34</ConnectionId>
                        <Properties version="4.1">
                            <Property name="ModuleSpecific" type="Map">
                                <Property name="ConditionType">None</Property>
                            </Property>
                        </Properties>
                        <StyleSheet>
                            <Junctures>
                                <Point xPos="95" yPos="90"/>
                                <Point xPos="210" yPos="90"/>
                                <Point xPos="210" yPos="140"/>
                            </Junctures>
                        </StyleSheet>
                    </Connection>
                    <Comment>&lt;p style="margin-top: 0"&gt; &lt;/p&gt;</Comment>
                </WorkflowModule>
                <WorkflowModule moduleType="StartEvent">
                    <ModuleId>16</ModuleId>
                    <ModuleName>start signal</ModuleName>
                    <ParentModule moduleId="2"/>
                    <StyleSheet xPos="75" yPos="225"/>
                    <Properties version="4.1">
                        <Property name="ModuleSpecific" type="Map">
                            <Property name="TriggerType">Signal</Property>
                        </Property>
                    </Properties>
                    <Connection moduleOutId="18" type="SequenceFlow">
                        <ConnectionId>37</ConnectionId>
                        <Properties version="4.1">
                            <Property name="ModuleSpecific" type="Map">
                                <Property name="ConditionType">None</Property>
                            </Property>
                        </Properties>
                        <StyleSheet>
                            <Junctures>
                                <Point xPos="105" yPos="240"/>
                                <Point xPos="170" yPos="240"/>
                                <Point xPos="170" yPos="160"/>
                                <Point xPos="190" yPos="160"/>
                            </Junctures>
                        </StyleSheet>
                    </Connection>
                    <Comment>&lt;p style="margin-top: 0"&gt; &lt;/p&gt;</Comment>
                </WorkflowModule>
                <WorkflowModule moduleType="StartEvent">
                    <ModuleId>15</ModuleId>
                    <ModuleName>start condition</ModuleName>
                    <ParentModule moduleId="2"/>
                    <StyleSheet xPos="75" yPos="175"/>
                    <Properties version="4.1">
                        <Property name="ModuleSpecific" type="Map">
                            <Property name="TriggerType">Conditional</Property>
                        </Property>
                    </Properties>
                    <Connection moduleOutId="18" type="SequenceFlow">
                        <ConnectionId>36</ConnectionId>
                        <Properties version="4.1">
                            <Property name="ModuleSpecific" type="Map">
                                <Property name="ConditionType">None</Property>
                            </Property>
                        </Properties>
                        <StyleSheet>
                            <Junctures>
                                <Point xPos="105" yPos="190"/>
                                <Point xPos="170" yPos="190"/>
                                <Point xPos="170" yPos="160"/>
                                <Point xPos="190" yPos="160"/>
                            </Junctures>
                        </StyleSheet>
                    </Connection>
                    <Comment>&lt;p style="margin-top: 0"&gt; &lt;/p&gt;</Comment>
                </WorkflowModule>
                <WorkflowModule moduleType="Gateway">
                    <ModuleId>18</ModuleId>
                    <ParentModule moduleId="2"/>
                    <StyleSheet xPos="190" yPos="140"/>
                    <Properties version="4.1">
                        <Property name="ModuleSpecific" type="Map">
                            <Property name="GatewayType">ExclusiveDataBased</Property>
                        </Property>
                    </Properties>
                    <Connection moduleOutId="11" type="SequenceFlow">
                        <ConnectionId>39</ConnectionId>
                        <Properties version="4.1">
                            <Property name="ModuleSpecific" type="Map">
                                <Property name="ConditionType">None</Property>
                            </Property>
                        </Properties>
                        <StyleSheet>
                            <Junctures>
                                <Point xPos="230" yPos="160"/>
                                <Point xPos="320" yPos="160"/>
                                <Point xPos="320" yPos="90"/>
                            </Junctures>
                        </StyleSheet>
                    </Connection>
                </WorkflowModule>
                <WorkflowModule moduleType="StartEvent">
                    <ModuleId>17</ModuleId>
                    <ModuleName>Start multiple</ModuleName>
                    <ParentModule moduleId="2"/>
                    <StyleSheet xPos="65" yPos="275"/>
                    <Properties version="4.1">
                        <Property name="ModuleSpecific" type="Map">
                            <Property name="TriggerType">Multiple</Property>
                        </Property>
                    </Properties>
                    <Connection moduleOutId="18" type="SequenceFlow">
                        <ConnectionId>38</ConnectionId>
                        <Properties version="4.1">
                            <Property name="ModuleSpecific" type="Map">
                                <Property name="ConditionType">None</Property>
                            </Property>
                        </Properties>
                        <StyleSheet>
                            <Junctures>
                                <Point xPos="95" yPos="290"/>
                                <Point xPos="210" yPos="290"/>
                                <Point xPos="210" yPos="180"/>
                            </Junctures>
                        </StyleSheet>
                    </Connection>
                    <Comment>&lt;p style="margin-top: 0"&gt; &lt;/p&gt;</Comment>
                </WorkflowModule>
                <WorkflowModule moduleType="Gateway">
                    <ModuleId>19</ModuleId>
                    <ModuleName>Data XOR</ModuleName>
                    <ParentModule moduleId="3"/>
                    <StyleSheet xPos="90" yPos="350"/>
                    <Properties version="4.1">
                        <Property name="ModuleSpecific" type="Map">
                            <Property name="GatewayType">ExclusiveEventBased</Property>
                        </Property>
                    </Properties>
                    <Connection moduleOutId="21" type="SequenceFlow">
                        <ConnectionId>42</ConnectionId>
                        <Properties version="4.1">
                            <Property name="ModuleSpecific" type="Map">
                                <Property name="ConditionType">None</Property>
                            </Property>
                        </Properties>
                        <StyleSheet>
                            <Junctures>
                                <Point xPos="90" yPos="370"/>
                                <Point xPos="60" yPos="370"/>
                                <Point xPos="60" yPos="830"/>
                                <Point xPos="100" yPos="830"/>
                            </Junctures>
                        </StyleSheet>
                    </Connection>
                    <Connection moduleOutId="20" type="SequenceFlow">
                        <ConnectionId>41</ConnectionId>
                        <Properties version="4.1">
                            <Property name="ModuleSpecific" type="Map">
                                <Property name="ConditionType">None</Property>
                            </Property>
                        </Properties>
                        <StyleSheet>
                            <Junctures>
                                <Point xPos="90" yPos="370"/>
                                <Point xPos="70" yPos="370"/>
                                <Point xPos="70" yPos="770"/>
                                <Point xPos="100" yPos="770"/>
                            </Junctures>
                        </StyleSheet>
                    </Connection>
                    <Comment>&lt;p style="margin-top: 0"&gt; &lt;/p&gt;</Comment>
                </WorkflowModule>
                <Variables xmlns:xsd="http://www.w3.org/2001/XMLSchema"/>
            </Workflow>
        </WorkflowGroup>
    </Workflows>
</IBISWorkflow>
