<?xml version="1.0" encoding="UTF-8"?>
<IBISWorkflow version="5.1">
    <Modules>
        <ModuleGroup>
            <ModuleGroupName>Data Converter</ModuleGroupName>
        </ModuleGroup>
        <ModuleGroup>
            <ModuleGroupName>XSLT Converter</ModuleGroupName>
            <Module>
                <ModuleName>WS-MS getExecutionTime Prepare Msg1</ModuleName>
                <InputMessageType>*</InputMessageType>
                <OutputMessageType>*</OutputMessageType>
                <PluginName>XSLT Converter</PluginName>
                <CheckinComment>@@@Server: decplex.intra.inubit.com@@@Version: 1@@@07.04.2009 13:26:29@@@</CheckinComment>
                <LastUpdate>07.04.2009 11:19:02</LastUpdate>
                <IsActive>true</IsActive>
                <IsInputConnector>false</IsInputConnector>
                <IsOutputConnector>false</IsOutputConnector>
            </Module>
            <Module>
                <ModuleName>WS-MS getExecutionTime Prepare Msg2</ModuleName>
                <InputMessageType>*</InputMessageType>
                <OutputMessageType>*</OutputMessageType>
                <PluginName>XSLT Converter</PluginName>
                <CheckinComment>@@@Server: decplex.intra.inubit.com@@@Version: 1@@@07.04.2009 13:26:29@@@</CheckinComment>
                <LastUpdate>07.04.2009 11:21:07</LastUpdate>
                <IsActive>true</IsActive>
                <IsInputConnector>false</IsInputConnector>
                <IsOutputConnector>false</IsOutputConnector>
            </Module>
            <Module>
                <ModuleName>WS-MS getExecutionTime Prepare Msg3</ModuleName>
                <InputMessageType>*</InputMessageType>
                <OutputMessageType>*</OutputMessageType>
                <PluginName>XSLT Converter</PluginName>
                <CheckinComment>@@@Server: decplex.intra.inubit.com@@@Version: 1@@@07.04.2009 13:26:29@@@</CheckinComment>
                <LastUpdate>07.04.2009 11:21:36</LastUpdate>
                <IsActive>true</IsActive>
                <IsInputConnector>false</IsInputConnector>
                <IsOutputConnector>false</IsOutputConnector>
            </Module>
            <Module>
                <ModuleName>WS-MS Prepare Reply</ModuleName>
                <InputMessageType>*</InputMessageType>
                <OutputMessageType>*</OutputMessageType>
                <PluginName>XSLT Converter</PluginName>
                <CheckinComment>@@@Server: decplex.intra.inubit.com@@@Version: 1@@@07.04.2009 13:26:29@@@</CheckinComment>
                <LastUpdate>07.04.2009 11:23:00</LastUpdate>
                <IsActive>true</IsActive>
                <IsInputConnector>false</IsInputConnector>
                <IsOutputConnector>false</IsOutputConnector>
            </Module>
            <Module>
                <ModuleName>WS-MS Prepare response</ModuleName>
                <InputMessageType>*</InputMessageType>
                <OutputMessageType>*</OutputMessageType>
                <PluginName>XSLT Converter</PluginName>
                <CheckinComment>@@@Server: decplex.intra.inubit.com@@@Version: 1@@@07.04.2009 13:26:29@@@</CheckinComment>
                <LastUpdate>07.04.2009 11:13:10</LastUpdate>
                <IsActive>true</IsActive>
                <IsInputConnector>false</IsInputConnector>
                <IsOutputConnector>false</IsOutputConnector>
            </Module>
            <Module>
                <ModuleName>WS-MS Prepare Waiting Count Msg</ModuleName>
                <InputMessageType>*</InputMessageType>
                <OutputMessageType>*</OutputMessageType>
                <PluginName>XSLT Converter</PluginName>
                <CheckinComment>@@@Server: decplex.intra.inubit.com@@@Version: 1@@@07.04.2009 13:26:29@@@</CheckinComment>
                <LastUpdate>07.04.2009 11:07:27</LastUpdate>
                <IsActive>true</IsActive>
                <IsInputConnector>false</IsInputConnector>
                <IsOutputConnector>false</IsOutputConnector>
            </Module>
            <Module>
                <ModuleName>WS-MS Prepare Waiting Count Msg2</ModuleName>
                <InputMessageType>*</InputMessageType>
                <OutputMessageType>*</OutputMessageType>
                <PluginName>XSLT Converter</PluginName>
                <CheckinComment>@@@Server: decplex.intra.inubit.com@@@Version: 1@@@07.04.2009 13:26:29@@@</CheckinComment>
                <LastUpdate>07.04.2009 11:05:14</LastUpdate>
                <IsActive>true</IsActive>
                <IsInputConnector>false</IsInputConnector>
                <IsOutputConnector>false</IsOutputConnector>
            </Module>
            <Module>
                <ModuleName>WS-MS Prepare Waiting Count Msg3</ModuleName>
                <InputMessageType>*</InputMessageType>
                <OutputMessageType>*</OutputMessageType>
                <PluginName>XSLT Converter</PluginName>
                <CheckinComment>@@@Server: decplex.intra.inubit.com@@@Version: 1@@@07.04.2009 13:26:29@@@</CheckinComment>
                <LastUpdate>07.04.2009 11:05:42</LastUpdate>
                <IsActive>true</IsActive>
                <IsInputConnector>false</IsInputConnector>
                <IsOutputConnector>false</IsOutputConnector>
            </Module>
        </ModuleGroup>
        <ModuleGroup>
            <ModuleGroupName>inubit IS Configuration</ModuleGroupName>
            <Module>
                <ModuleName>WS-MS getExecutionTimes ISConn</ModuleName>
                <InputMessageType>*</InputMessageType>
                <OutputMessageType>*</OutputMessageType>
                <PluginName>inubit IS Configuration</PluginName>
                <CheckinComment>@@@Server: decplex.intra.inubit.com@@@Version: 1@@@07.04.2009 13:26:29@@@</CheckinComment>
                <LastUpdate>01.04.2009 15:05:46</LastUpdate>
                <IsActive>true</IsActive>
                <IsInputConnector>false</IsInputConnector>
                <IsOutputConnector>false</IsOutputConnector>
            </Module>
            <Module>
                <ModuleName>WS-MS GetWaitingModules ISConn</ModuleName>
                <InputMessageType>*</InputMessageType>
                <OutputMessageType>*</OutputMessageType>
                <PluginName>inubit IS Configuration</PluginName>
                <CheckinComment>@@@Server: decplex.intra.inubit.com@@@Version: 1@@@07.04.2009 13:26:29@@@</CheckinComment>
                <LastUpdate>01.04.2009 12:59:34</LastUpdate>
                <IsActive>true</IsActive>
                <IsInputConnector>false</IsInputConnector>
                <IsOutputConnector>false</IsOutputConnector>
            </Module>
        </ModuleGroup>
        <ModuleGroup>
            <ModuleGroupName>HTTP Connector</ModuleGroupName>
            <Module>
                <ModuleName>WS-MSGetExecutionTimes</ModuleName>
                <InputMessageType>*</InputMessageType>
                <OutputMessageType>*</OutputMessageType>
                <PluginName>HTTP Connector</PluginName>
                <CheckinComment>@@@Server: decplex.intra.inubit.com@@@Version: 1@@@07.04.2009 13:26:29@@@</CheckinComment>
                <LastUpdate>07.04.2009 11:01:56</LastUpdate>
                <IsActive>true</IsActive>
                <IsInputConnector>true</IsInputConnector>
                <IsOutputConnector>false</IsOutputConnector>
            </Module>
            <Module>
                <ModuleName>WS-MSGetWaitingModules</ModuleName>
                <InputMessageType>*</InputMessageType>
                <OutputMessageType>*</OutputMessageType>
                <PluginName>HTTP Connector</PluginName>
                <CheckinComment>@@@Server: decplex.intra.inubit.com@@@Version: 1@@@07.04.2009 13:26:29@@@</CheckinComment>
                <LastUpdate>07.04.2009 10:58:43</LastUpdate>
                <IsActive>true</IsActive>
                <IsInputConnector>true</IsInputConnector>
                <IsOutputConnector>false</IsOutputConnector>
            </Module>
        </ModuleGroup>
    </Modules>
</IBISWorkflow>
