<?xml version="1.0" encoding="UTF-8"?>

<Properties version="4.1">
  <Property name="xslt.base64Zipped">true</Property>
  <Property name="xslt.stylesheet" type="XmlDocument">&lt;?xml version="1.0" encoding="UTF-8"?&gt;
&lt;xsl:stylesheet xmlns:xsl="http://www.w3.org/1999/XSL/Transform" xmlns:sim="http://localhost:8000/ibis/ws/1238582969243/SimulationInformatikProvider" xmlns:wsc="http://localhost:8000/ibis/ws/1238582969243/SimulationInformatikProvider" xmlns:ns1="http://decplex:8000/ibis/ws/1238587040901/SimulationInformationProvider" version="2.0"&gt;
  &lt;xsl:output method="xml" encoding="UTF-8"/&gt;&lt;xsl:param name="id"/&gt;&lt;xsl:param name="getWaitingModules.parameters"&gt;(getWaitingModules.parametersContent)&lt;/xsl:param&gt;
  &lt;xsl:template match="/"&gt;&lt;ISConfiguration&gt;
            &lt;Operation name="getLogList"&gt;
                &lt;LogName&gt;queueLog&lt;/LogName&gt;
                
                &lt;LogMessage&gt;
                    
                    &lt;Request size="{/ISConfiguration/Response/Response/@size}" id="{/ISConfiguration/Response/Response/@id}" type="setColumns" restrict="is_moduleName"&gt;&lt;Column name="is_globalPId"/&gt;&lt;Column name="is_workflowId"/&gt;&lt;Column name="is_workflowName"/&gt;&lt;Column name="is_moduleName" like="{$id}"/&gt;&lt;Column name="is_moduleType"/&gt;&lt;Column name="is_startTime" type="java.util.Date"/&gt;&lt;Column name="is_nextStartTime" type="java.util.Date"/&gt;&lt;Column name="is_status"&gt;&lt;Filter&gt;Waiting&lt;/Filter&gt;&lt;/Column&gt;&lt;Column name="is_fileName"/&gt;&lt;Column name="is_fileSize"/&gt;&lt;Column name="is_owner"/&gt;&lt;Column name="is_priority" type="i18n"/&gt;&lt;/Request&gt;
                &lt;/LogMessage&gt;
            &lt;/Operation&gt;
        &lt;/ISConfiguration&gt;

  &lt;/xsl:template&gt;
&lt;/xsl:stylesheet&gt;</Property>
  <Property name="xslt.saveAtServer">false</Property>
  <Property name="xslt.source">C:\Dokumente und Einstellungen\ff\Anwendungsdaten\inubit\Toolset\5.2\work\192.168.0.208_8000\root\tmp\61b5f03fc0a800d001e726be70b237cb</Property>
  <Property name="xslt.ignoreInput">false</Property>
  <Property name="xslt.target">C:\Dokumente und Einstellungen\ff\Anwendungsdaten\inubit\Toolset\5.2\work\192.168.0.208_8000\root\tmp\6171f153c0a800d0017b001063b227bc</Property>
  <Property name="xslt.params" type="List">
    <Property name="id">id</Property>
    <Property name="getWaitingModules.parameters">getWaitingModules.parameters</Property>
  </Property>
  <Property name="xslt.transformer">net.sf.saxon.TransformerFactoryImpl</Property>
</Properties>
