<?xml version="1.0" encoding="UTF-8"?>

<Properties version="4.1">
  <Property name="xslt.base64Zipped">true</Property>
  <Property name="xslt.stylesheet" type="XmlDocument">&lt;?xml version="1.0" encoding="UTF-8"?&gt;
&lt;xsl:stylesheet xmlns:xsl="http://www.w3.org/1999/XSL/Transform" xmlns:sim="http://decplex:8000/ibis/ws/1238587040901/SimulationInformationProvider" xmlns:xsi="http://www.w3.org/2001/XMLSchema-instance" version="2.0"&gt;
  &lt;xsl:output method="xml" encoding="UTF-8"/&gt;&lt;xsl:param name="endTime"/&gt;&lt;xsl:param name="startTime"/&gt;&lt;xsl:param name="id"/&gt;
  &lt;xsl:template match="/"&gt;&lt;ISConfiguration&gt;
            &lt;Operation name="getLogList"&gt;
                &lt;LogName&gt;systemLog&lt;/LogName&gt;
                
                &lt;LogMessage&gt;
                    
                    &lt;Request size="{/ISConfiguration/Response/Response/@size}" id="{/ISConfiguration/Response/Response/@id}" type="setColumns" restrict="is_outputModule"&gt;&lt;Column name="is_globalPId"/&gt;&lt;Column name="is_workflowId"/&gt;&lt;Column name="is_outputModule" like="{$id}"/&gt;&lt;xsl:choose&gt;&lt;xsl:when test="$startTime"&gt;&lt;Column name="is_startTime" min="{$startTime}" max="{$endTime}"/&gt;&lt;/xsl:when&gt;&lt;xsl:otherwise&gt;&lt;Column name="is_startTime"/&gt;&lt;/xsl:otherwise&gt;&lt;/xsl:choose&gt;&lt;Column name="is_endTime"/&gt;&lt;Column name="(is_endTime)-(is_startTime)"/&gt;&lt;Column name="is_success"/&gt;&lt;/Request&gt;
                &lt;/LogMessage&gt;
            &lt;/Operation&gt;
        &lt;/ISConfiguration&gt;

  &lt;/xsl:template&gt;
&lt;/xsl:stylesheet&gt;</Property>
  <Property name="xslt.saveAtServer">false</Property>
  <Property name="xslt.source">C:\Dokumente und Einstellungen\ff\Anwendungsdaten\inubit\Toolset\5.2\work\192.168.0.208_8000\root\tmp\66125c0ec0a800d0001b57f7c58b510a</Property>
  <Property name="xslt.ignoreInput">false</Property>
  <Property name="xslt.target">C:\Dokumente und Einstellungen\ff\Anwendungsdaten\inubit\Toolset\5.2\work\192.168.0.208_8000\root\tmp\61dd2bf4c0a800d00164feccb42c95c9</Property>
  <Property name="xslt.params" type="List">
    <Property name="endTime">endTime</Property>
    <Property name="startTime">startTime</Property>
    <Property name="id">id</Property>
  </Property>
  <Property name="xslt.transformer">net.sf.saxon.TransformerFactoryImpl</Property>
</Properties>
