<?xml version="1.0" encoding="UTF-8"?>

<Properties version="4.1">
  <Property name="xslt.stylesheet" type="XmlDocument">&lt;?xml version="1.0" encoding="UTF-8"?&gt;
&lt;xsl:stylesheet xmlns:xsl="http://www.w3.org/1999/XSL/Transform" xmlns:sim="http://decplex:8000/ibis/ws/1238587040901/SimulationInformationProvider" version="2.0"&gt;
  &lt;xsl:output method="xml" encoding="UTF-8"/&gt;&lt;xsl:param name="password"/&gt;&lt;xsl:param name="user"/&gt;&lt;xsl:param name="getWaitingModules.parameters"&gt;&amp;lt;?xml version="1.0" encoding="UTF-8"?&amp;gt;
&amp;lt;sim:getWaitingModules xmlns:sim="http://decplex:8000/ibis/ws/1238587040901/SimulationInformationProvider"&amp;gt;
         &amp;lt;sim:moduleID&amp;gt;MyTask&amp;lt;/sim:moduleID&amp;gt;
         &amp;lt;sim:user&amp;gt;MyTask&amp;lt;/sim:user&amp;gt;
         &amp;lt;sim:password&amp;gt;MyTask&amp;lt;/sim:password&amp;gt;
      &amp;lt;/sim:getWaitingModules&amp;gt;&lt;/xsl:param&gt;
  &lt;xsl:template match="/"&gt;&lt;ISConfiguration&gt;
  &lt;User&gt;&lt;xsl:copy-of select="$user"/&gt;&lt;/User&gt;
  &lt;Password&gt;&lt;xsl:copy-of select="$password"/&gt;&lt;/Password&gt;
  &lt;Operation name="getLogList"&gt;&lt;LogName&gt;queueLog&lt;/LogName&gt;
     &lt;LogMessage&gt;&lt;Request version="1.0" type="getData" id="{ISConfiguration/Response/Response/@id}" start="0" amount="{/ISConfiguration/Response/Response/@size}"/&gt;&lt;/LogMessage&gt;
  &lt;/Operation&gt;
&lt;/ISConfiguration&gt;

  &lt;/xsl:template&gt;
&lt;/xsl:stylesheet&gt;</Property>
  <Property name="xslt.base64Zipped">true</Property>
  <Property name="xslt.source">C:\Dokumente und Einstellungen\ff\Anwendungsdaten\inubit\Toolset\5.2\work\192.168.0.208_8000\root\tmp\619cfcfdc0a800d000b80dd92de2bd7b</Property>
  <Property name="xslt.saveAtServer">false</Property>
  <Property name="xslt.target"/>
  <Property name="xslt.ignoreInput">false</Property>
  <Property name="xslt.transformer">net.sf.saxon.TransformerFactoryImpl</Property>
  <Property name="xslt.params" type="List">
    <Property name="password">password</Property>
    <Property name="user">user</Property>
    <Property name="getWaitingModules.parameters">getWaitingModules.parameters</Property>
  </Property>
</Properties>
