<?xml version="1.0" encoding="UTF-8"?>

<Properties version="4.1">
  <Property name="xslt.stylesheet" type="XmlDocument">&lt;?xml version="1.0" encoding="UTF-8"?&gt;
&lt;xsl:stylesheet xmlns:xsl="http://www.w3.org/1999/XSL/Transform" xmlns:sim="http://decplex:8000/ibis/ws/1238587040901/SimulationInformationProvider" version="2.0"&gt;
  &lt;xsl:output method="xml" encoding="UTF-8"/&gt;&lt;xsl:param name="user"/&gt;&lt;xsl:param name="password"/&gt;
  &lt;xsl:template match="/"&gt;&lt;ISConfiguration&gt;
            &lt;User&gt;&lt;xsl:copy-of select="$user"/&gt;&lt;/User&gt;&lt;Password&gt;&lt;xsl:copy-of select="$password"/&gt;&lt;/Password&gt;&lt;Operation name="getLogList"&gt;
                &lt;LogName&gt;queueLog&lt;/LogName&gt;
                
                &lt;LogMessage&gt;
                    
                    
                &lt;/LogMessage&gt;
            &lt;/Operation&gt;
        &lt;/ISConfiguration&gt;

  &lt;/xsl:template&gt;
&lt;/xsl:stylesheet&gt;</Property>
  <Property name="xslt.base64Zipped">true</Property>
  <Property name="xslt.source"/>
  <Property name="xslt.saveAtServer">false</Property>
  <Property name="xslt.target">C:\Dokumente und Einstellungen\ff\Anwendungsdaten\inubit\Toolset\5.2\work\192.168.0.208_8000\root\tmp\613cf2ddc0a800d000e9055bf531f132</Property>
  <Property name="xslt.ignoreInput">true</Property>
  <Property name="xslt.params" type="List">
    <Property name="user">user</Property>
    <Property name="password">password</Property>
  </Property>
  <Property name="xslt.transformer">net.sf.saxon.TransformerFactoryImpl</Property>
</Properties>
