<?xml version="1.0" encoding="UTF-8"?>

<Properties version="4.1">
  <Property name="xslt.stylesheet" type="XmlDocument">&lt;?xml version="1.0" encoding="UTF-8"?&gt;
&lt;xsl:stylesheet xmlns:xsl="http://www.w3.org/1999/XSL/Transform" version="2.0"&gt;
  &lt;xsl:output method="xml" encoding="UTF-8"/&gt;
  &lt;xsl:template match="/"&gt;&lt;WaitingModules&gt;&lt;xsl:value-of select="count(/ISConfiguration/Response/Result/R)"/&gt;&lt;/WaitingModules&gt;

  &lt;/xsl:template&gt;
&lt;/xsl:stylesheet&gt;</Property>
  <Property name="xslt.base64Zipped">true</Property>
  <Property name="xslt.source">C:\Dokumente und Einstellungen\ff\Anwendungsdaten\inubit\Toolset\5.2\work\192.168.0.208_8000\root\tmp\7fd8a57fc0a800d000ec87dcae8ed1d1</Property>
  <Property name="xslt.saveAtServer">false</Property>
  <Property name="xslt.target"/>
  <Property name="xslt.ignoreInput">false</Property>
  <Property name="xslt.params" type="List"/>
  <Property name="xslt.transformer">net.sf.saxon.TransformerFactoryImpl</Property>
</Properties>
