<?xml version="1.0" encoding="UTF-8"?>

<Properties version="4.1">
  <Property name="xslt.stylesheet" type="XmlDocument">&lt;?xml version="1.0" encoding="UTF-8"?&gt;
&lt;xsl:stylesheet xmlns:xsl="http://www.w3.org/1999/XSL/Transform" version="2.0"&gt;
  &lt;xsl:output method="xml" encoding="UTF-8"/&gt;
  &lt;xsl:template match="/"&gt;&lt;getExecutionTimesResponse&gt;
         &lt;executionTimes&gt;&lt;xsl:for-each select="/ISConfiguration/Response/Result/R"&gt;&lt;time&gt;&lt;xsl:value-of select="./C[6]"/&gt;&lt;/time&gt;&lt;/xsl:for-each&gt;
            
         &lt;/executionTimes&gt;&lt;totalTime&gt;&lt;xsl:value-of select="sum(/ISConfiguration/Response/Result/R/C[6])"/&gt;&lt;/totalTime&gt;&lt;count&gt;&lt;xsl:value-of select="count(/ISConfiguration/Response/Result/R/C[6])"/&gt;&lt;/count&gt;&lt;avgTime&gt;&lt;xsl:value-of select="round(avg(/ISConfiguration/Response/Result/R/C[6]))"/&gt;&lt;/avgTime&gt;
      &lt;/getExecutionTimesResponse&gt;

  &lt;/xsl:template&gt;
&lt;/xsl:stylesheet&gt;</Property>
  <Property name="xslt.base64Zipped">true</Property>
  <Property name="xslt.source">C:\Dokumente und Einstellungen\ff\Anwendungsdaten\inubit\Toolset\5.2\work\192.168.0.208_8000\root\tmp\61e094fac0a800d00066952b177ef315</Property>
  <Property name="xslt.saveAtServer">false</Property>
  <Property name="xslt.target">C:\Dokumente und Einstellungen\ff\Anwendungsdaten\inubit\Toolset\5.2\work\192.168.0.208_8000\root\tmp\61e477c4c0a800d000f19b9657f703d3</Property>
  <Property name="xslt.ignoreInput">false</Property>
  <Property name="xslt.params" type="List"/>
  <Property name="xslt.transformer">net.sf.saxon.TransformerFactoryImpl</Property>
</Properties>
