<?xml version="1.0" encoding="UTF-8"?><IBISWorkflow version="5.3">
  <Modules>
    <ModuleGroup>
      <ModuleGroupName>Data Converter</ModuleGroupName>
    </ModuleGroup>
    <ModuleGroup>
      <ModuleGroupName>Joiner</ModuleGroupName>
      <Module>
        <ModuleName>join</ModuleName>
        <InputMessageType>*</InputMessageType>
        <OutputMessageType>*</OutputMessageType>
        <PluginName>Joiner</PluginName>
        <CheckinComment>@@@Server: SATEBLUEPLEX@@@Version: 1@@@01.10.2010 15:23:03@@@</CheckinComment>
        <LastUpdate>30.09.2010 12:58:37</LastUpdate>
        <IsActive>true</IsActive>
        <IsInputConnector>false</IsInputConnector>
        <IsOutputConnector>false</IsOutputConnector>
      </Module>
    </ModuleGroup>
    <ModuleGroup>
      <ModuleGroupName>XSLT Converter</ModuleGroupName>
      <Module>
        <ModuleName>REST_DeleteModel</ModuleName>
        <InputMessageType>*</InputMessageType>
        <OutputMessageType>*</OutputMessageType>
        <PluginName>XSLT Converter</PluginName>
        <CheckinComment>@@@Server: SATEBLUEPLEX@@@Version: 1@@@01.10.2010 15:23:03@@@</CheckinComment>
        <LastUpdate>01.10.2010 13:48:53</LastUpdate>
        <IsActive>true</IsActive>
        <IsInputConnector>false</IsInputConnector>
        <IsOutputConnector>false</IsOutputConnector>
      </Module>
      <Module>
        <ModuleName>REST_RetrieveWorkflows</ModuleName>
        <InputMessageType>*</InputMessageType>
        <OutputMessageType>*</OutputMessageType>
        <PluginName>XSLT Converter</PluginName>
        <CheckinComment>@@@Server: SATEBLUEPLEX@@@Version: 1@@@01.10.2010 15:23:03@@@</CheckinComment>
        <LastUpdate>12.08.2010 08:38:23</LastUpdate>
        <IsActive>true</IsActive>
        <IsInputConnector>false</IsInputConnector>
        <IsOutputConnector>false</IsOutputConnector>
      </Module>
      <Module>
        <ModuleName>REST_ReturnError</ModuleName>
        <InputMessageType>*</InputMessageType>
        <OutputMessageType>*</OutputMessageType>
        <PluginName>XSLT Converter</PluginName>
        <CheckinComment>@@@Server: SATEBLUEPLEX@@@Version: 1@@@01.10.2010 15:23:03@@@</CheckinComment>
        <LastUpdate>12.08.2010 09:23:21</LastUpdate>
        <IsActive>true</IsActive>
        <IsInputConnector>false</IsInputConnector>
        <IsOutputConnector>false</IsOutputConnector>
      </Module>
      <Module>
        <ModuleName>REST_ReturnWorkflows</ModuleName>
        <InputMessageType>*</InputMessageType>
        <OutputMessageType>*</OutputMessageType>
        <PluginName>XSLT Converter</PluginName>
        <CheckinComment>@@@Server: SATEBLUEPLEX@@@Version: 1@@@01.10.2010 15:23:03@@@</CheckinComment>
        <LastUpdate>01.10.2010 13:55:25</LastUpdate>
        <IsActive>true</IsActive>
        <IsInputConnector>false</IsInputConnector>
        <IsOutputConnector>false</IsOutputConnector>
      </Module>
      <Module>
        <ModuleName>WF_TW_ExportWorkflow</ModuleName>
        <InputMessageType>*</InputMessageType>
        <OutputMessageType>*</OutputMessageType>
        <PluginName>XSLT Converter</PluginName>
        <CheckinComment>@@@Server: SATEBLUEPLEX@@@Version: 1@@@01.10.2010 15:23:03@@@</CheckinComment>
        <LastUpdate>10.09.2009 11:17:15</LastUpdate>
        <IsActive>true</IsActive>
        <IsInputConnector>false</IsInputConnector>
        <IsOutputConnector>false</IsOutputConnector>
      </Module>
      <Module>
        <ModuleName>WS_TW_GetUsers</ModuleName>
        <InputMessageType>*</InputMessageType>
        <OutputMessageType>*</OutputMessageType>
        <PluginName>XSLT Converter</PluginName>
        <CheckinComment>@@@Server: SATEBLUEPLEX@@@Version: 1@@@01.10.2010 15:23:03@@@</CheckinComment>
        <LastUpdate>23.06.2008 14:38:31</LastUpdate>
        <IsActive>true</IsActive>
        <IsInputConnector>false</IsInputConnector>
        <IsOutputConnector>false</IsOutputConnector>
      </Module>
      <Module>
        <ModuleName>WS_TW_GetWFProperties</ModuleName>
        <InputMessageType>*</InputMessageType>
        <OutputMessageType>*</OutputMessageType>
        <PluginName>XSLT Converter</PluginName>
        <CheckinComment>@@@Server: SATEBLUEPLEX@@@Version: 1@@@01.10.2010 15:23:03@@@</CheckinComment>
        <LastUpdate>12.08.2010 09:31:46</LastUpdate>
        <CheckoutUser>root@@@30.09.2010 11:46:56</CheckoutUser>
        <IsActive>true</IsActive>
        <IsInputConnector>false</IsInputConnector>
        <IsOutputConnector>false</IsOutputConnector>
      </Module>
      <Module>
        <ModuleName>WS_TW_ImportWorkflow</ModuleName>
        <InputMessageType>*</InputMessageType>
        <OutputMessageType>*</OutputMessageType>
        <PluginName>XSLT Converter</PluginName>
        <CheckinComment>@@@Server: SATEBLUEPLEX@@@Version: 1@@@01.10.2010 15:23:03@@@</CheckinComment>
        <LastUpdate>30.09.2010 10:44:16</LastUpdate>
        <CheckoutUser>root@@@30.09.2010 11:45:05</CheckoutUser>
        <IsActive>true</IsActive>
        <IsInputConnector>false</IsInputConnector>
        <IsOutputConnector>false</IsOutputConnector>
      </Module>
      <Module>
        <ModuleName>WS_TW_RetrieveModuleProperties</ModuleName>
        <InputMessageType>*</InputMessageType>
        <OutputMessageType>*</OutputMessageType>
        <PluginName>XSLT Converter</PluginName>
        <CheckinComment>@@@Server: SATEBLUEPLEX@@@Version: 1@@@01.10.2010 15:23:03@@@</CheckinComment>
        <LastUpdate>07.09.2009 10:51:14</LastUpdate>
        <IsActive>true</IsActive>
        <IsInputConnector>false</IsInputConnector>
        <IsOutputConnector>false</IsOutputConnector>
      </Module>
      <Module>
        <ModuleName>WS_TW_RetrieveModules</ModuleName>
        <InputMessageType>*</InputMessageType>
        <OutputMessageType>*</OutputMessageType>
        <PluginName>XSLT Converter</PluginName>
        <CheckinComment>@@@Server: SATEBLUEPLEX@@@Version: 1@@@01.10.2010 15:23:03@@@</CheckinComment>
        <LastUpdate>02.04.2009 11:30:31</LastUpdate>
        <IsActive>true</IsActive>
        <IsInputConnector>false</IsInputConnector>
        <IsOutputConnector>false</IsOutputConnector>
      </Module>
      <Module>
        <ModuleName>WS_TW_ReturnImportResponse</ModuleName>
        <InputMessageType>*</InputMessageType>
        <OutputMessageType>*</OutputMessageType>
        <PluginName>XSLT Converter</PluginName>
        <CheckinComment>@@@Server: SATEBLUEPLEX@@@Version: 1@@@01.10.2010 15:23:03@@@</CheckinComment>
        <LastUpdate>10.09.2009 11:32:51</LastUpdate>
        <CheckoutUser>root@@@30.09.2010 11:43:40</CheckoutUser>
        <IsActive>true</IsActive>
        <IsInputConnector>false</IsInputConnector>
        <IsOutputConnector>false</IsOutputConnector>
      </Module>
      <Module>
        <ModuleName>WS_TW_ReturnModules</ModuleName>
        <InputMessageType>*</InputMessageType>
        <OutputMessageType>*</OutputMessageType>
        <PluginName>XSLT Converter</PluginName>
        <CheckinComment>@@@Server: SATEBLUEPLEX@@@Version: 1@@@01.10.2010 15:23:03@@@</CheckinComment>
        <LastUpdate>23.06.2008 12:16:28</LastUpdate>
        <IsActive>true</IsActive>
        <IsInputConnector>false</IsInputConnector>
        <IsOutputConnector>false</IsOutputConnector>
      </Module>
      <Module>
        <ModuleName>WS_TW_ReturnProperties</ModuleName>
        <InputMessageType>*</InputMessageType>
        <OutputMessageType>*</OutputMessageType>
        <PluginName>XSLT Converter</PluginName>
        <CheckinComment>@@@Server: SATEBLUEPLEX@@@Version: 1@@@01.10.2010 15:23:03@@@</CheckinComment>
        <LastUpdate>23.06.2008 12:37:37</LastUpdate>
        <IsActive>true</IsActive>
        <IsInputConnector>false</IsInputConnector>
        <IsOutputConnector>false</IsOutputConnector>
      </Module>
      <Module>
        <ModuleName>WS_TW_ReturnSetProperty</ModuleName>
        <InputMessageType>*</InputMessageType>
        <OutputMessageType>*</OutputMessageType>
        <PluginName>XSLT Converter</PluginName>
        <CheckinComment>@@@Server: SATEBLUEPLEX@@@Version: 1@@@01.10.2010 15:23:03@@@</CheckinComment>
        <LastUpdate>23.06.2008 13:47:20</LastUpdate>
        <IsActive>true</IsActive>
        <IsInputConnector>false</IsInputConnector>
        <IsOutputConnector>false</IsOutputConnector>
      </Module>
      <Module>
        <ModuleName>WS_TW_ReturnUsers</ModuleName>
        <InputMessageType>*</InputMessageType>
        <OutputMessageType>*</OutputMessageType>
        <PluginName>XSLT Converter</PluginName>
        <CheckinComment>@@@Server: SATEBLUEPLEX@@@Version: 1@@@01.10.2010 15:23:03@@@</CheckinComment>
        <LastUpdate>23.06.2008 14:53:15</LastUpdate>
        <IsActive>true</IsActive>
        <IsInputConnector>false</IsInputConnector>
        <IsOutputConnector>false</IsOutputConnector>
      </Module>
      <Module>
        <ModuleName>WS_TW_ReturnWorkflow</ModuleName>
        <InputMessageType>*</InputMessageType>
        <OutputMessageType>*</OutputMessageType>
        <PluginName>XSLT Converter</PluginName>
        <CheckinComment>@@@Server: SATEBLUEPLEX@@@Version: 1@@@01.10.2010 15:23:03@@@</CheckinComment>
        <LastUpdate>10.09.2009 11:16:05</LastUpdate>
        <IsActive>true</IsActive>
        <IsInputConnector>false</IsInputConnector>
        <IsOutputConnector>false</IsOutputConnector>
      </Module>
      <Module>
        <ModuleName>WS_TW_ReturnWorkflowProperties</ModuleName>
        <InputMessageType>*</InputMessageType>
        <OutputMessageType>*</OutputMessageType>
        <PluginName>XSLT Converter</PluginName>
        <CheckinComment>@@@Server: SATEBLUEPLEX@@@Version: 1@@@01.10.2010 15:23:03@@@</CheckinComment>
        <LastUpdate>12.08.2010 09:33:29</LastUpdate>
        <IsActive>true</IsActive>
        <IsInputConnector>false</IsInputConnector>
        <IsOutputConnector>false</IsOutputConnector>
      </Module>
      <Module>
        <ModuleName>WS_TW_SetModuleProperty</ModuleName>
        <InputMessageType>*</InputMessageType>
        <OutputMessageType>*</OutputMessageType>
        <PluginName>XSLT Converter</PluginName>
        <CheckinComment>@@@Server: SATEBLUEPLEX@@@Version: 1@@@01.10.2010 15:23:03@@@</CheckinComment>
        <LastUpdate>03.07.2008 09:07:24</LastUpdate>
        <IsActive>true</IsActive>
        <IsInputConnector>false</IsInputConnector>
        <IsOutputConnector>false</IsOutputConnector>
      </Module>
      <Module>
        <ModuleName>WS_TW_UpdateWFProperties</ModuleName>
        <InputMessageType>*</InputMessageType>
        <OutputMessageType>*</OutputMessageType>
        <PluginName>XSLT Converter</PluginName>
        <CheckinComment>@@@Server: SATEBLUEPLEX@@@Version: 1@@@01.10.2010 15:23:03@@@</CheckinComment>
        <LastUpdate>09.09.2009 15:27:06</LastUpdate>
        <IsActive>true</IsActive>
        <IsInputConnector>false</IsInputConnector>
        <IsOutputConnector>false</IsOutputConnector>
      </Module>
    </ModuleGroup>
    <ModuleGroup>
      <ModuleGroupName>REST Connector</ModuleGroupName>
      <Module>
        <ModuleName>REST_GetUsers</ModuleName>
        <InputMessageType>xml</InputMessageType>
        <OutputMessageType>*</OutputMessageType>
        <PluginName>REST Connector</PluginName>
        <CheckinComment>@@@Server: SATEBLUEPLEX@@@Version: 1@@@01.10.2010 15:23:03@@@</CheckinComment>
        <LastUpdate>30.09.2010 10:52:05</LastUpdate>
        <CheckoutUser>root@@@30.09.2010 10:59:10</CheckoutUser>
        <IsActive>true</IsActive>
        <IsInputConnector>true</IsInputConnector>
        <IsOutputConnector>false</IsOutputConnector>
      </Module>
      <Module>
        <ModuleName>REST_GetWorkflow</ModuleName>
        <InputMessageType>*</InputMessageType>
        <OutputMessageType>*</OutputMessageType>
        <PluginName>REST Connector</PluginName>
        <CheckinComment>@@@Server: SATEBLUEPLEX@@@Version: 1@@@01.10.2010 15:23:03@@@</CheckinComment>
        <LastUpdate>01.10.2010 13:38:48</LastUpdate>
        <IsActive>true</IsActive>
        <IsInputConnector>true</IsInputConnector>
        <IsOutputConnector>false</IsOutputConnector>
      </Module>
    </ModuleGroup>
    <ModuleGroup>
      <ModuleGroupName>inubit IS Configuration</ModuleGroupName>
      <Module>
        <ModuleName>REST_ISConfig</ModuleName>
        <InputMessageType>*</InputMessageType>
        <OutputMessageType>*</OutputMessageType>
        <PluginName>inubit IS Configuration</PluginName>
        <CheckinComment>@@@Server: SATEBLUEPLEX@@@Version: 1@@@01.10.2010 15:23:03@@@</CheckinComment>
        <LastUpdate>12.08.2010 09:19:09</LastUpdate>
        <CheckoutUser>root@@@30.09.2010 11:44:20</CheckoutUser>
        <IsActive>true</IsActive>
        <IsInputConnector>false</IsInputConnector>
        <IsOutputConnector>false</IsOutputConnector>
        <ErrorSuppression>true</ErrorSuppression>
      </Module>
    </ModuleGroup>
    <ModuleGroup>
      <ModuleGroupName>Demultiplexer</ModuleGroupName>
      <Module>
        <ModuleName>REST_MethodDispatcher</ModuleName>
        <InputMessageType>*</InputMessageType>
        <OutputMessageType>*</OutputMessageType>
        <PluginName>Demultiplexer</PluginName>
        <CheckinComment>@@@Server: SATEBLUEPLEX@@@Version: 1@@@01.10.2010 15:23:03@@@</CheckinComment>
        <LastUpdate>29.09.2010 15:07:14</LastUpdate>
        <CheckoutUser>root@@@30.09.2010 12:59:07</CheckoutUser>
        <IsActive>true</IsActive>
        <IsInputConnector>false</IsInputConnector>
        <IsOutputConnector>false</IsOutputConnector>
      </Module>
    </ModuleGroup>
    <ModuleGroup>
      <ModuleGroupName>Encoder</ModuleGroupName>
      <Module>
        <ModuleName>WS_TW_EncodeWorkflow</ModuleName>
        <InputMessageType>*</InputMessageType>
        <OutputMessageType>*</OutputMessageType>
        <PluginName>Encoder</PluginName>
        <CheckinComment>@@@Server: SATEBLUEPLEX@@@Version: 1@@@01.10.2010 15:23:03@@@</CheckinComment>
        <LastUpdate>10.09.2009 11:10:33</LastUpdate>
        <IsActive>true</IsActive>
        <IsInputConnector>false</IsInputConnector>
        <IsOutputConnector>false</IsOutputConnector>
      </Module>
    </ModuleGroup>
  </Modules>
</IBISWorkflow>
