<?xml version="1.0" encoding="UTF-8"?>

<Properties version="4.1">
  <Property name="xslt.base64Zipped">true</Property>
  <Property name="xslt.ignoreInput">true</Property>
  <Property name="xslt.params" type="List">
    <Property name="restConnector.requestQueryParams">restConnector.requestQueryParams</Property>
    <Property name="restConnector.requestURITemplateParam.modelId">restConnector.requestURITemplateParam.modelId</Property>
  </Property>
  <Property name="xslt.saveAtServer">false</Property>
  <Property name="xslt.source"></Property>
  <Property name="xslt.stylesheet" type="XmlDocument">&lt;?xml version="1.0" encoding="UTF-8"?&gt;
&lt;xsl:stylesheet xmlns:xsl="http://www.w3.org/1999/XSL/Transform" version="2.0"&gt;&lt;xsl:param name="restConnector.requestQueryParams" as="element()"&gt;&lt;QueryParams&gt;&lt;Param name="user"&gt;root&lt;/Param&gt;&lt;Param name="password"&gt;inubit&lt;/Param&gt;&lt;/QueryParams&gt;&lt;/xsl:param&gt;&lt;xsl:param name="restConnector.requestURITemplateParam.modelId"&gt;(restConnector.requestURITemplateParam.modelIdContent)&lt;/xsl:param&gt;
  &lt;xsl:output method="xml" encoding="UTF-8"/&gt;
  &lt;xsl:template match="/"&gt;&lt;ISConfiguration&gt; 
      &lt;Operation name="deleteWorkflow"&gt; 
        &lt;UserOrGroupName&gt;&lt;xsl:value-of select="$restConnector.requestQueryParams/Param[@name='user']"/&gt;&lt;/UserOrGroupName&gt;  
        &lt;WorkflowName&gt;&lt;xsl:value-of select="$restConnector.requestURITemplateParam.modelId"/&gt;&lt;/WorkflowName&gt; 
      &lt;/Operation&gt; 
    &lt;/ISConfiguration&gt;

  &lt;/xsl:template&gt;
&lt;/xsl:stylesheet&gt;</Property>
  <Property name="xslt.target">inubitrepository:/Global/System/Mapping%20Templates/IS%20Configuration/configuration.xml</Property>
  <Property name="xslt.transformer">net.sf.saxon.TransformerFactoryImpl</Property>
</Properties>
