<?xml version="1.0" encoding="UTF-8"?>

<Properties version="4.1">
  <Property name="InputConnector" type="Boolean">true</Property>
  <Property name="OutputConnector" type="Boolean">false</Property>
  <Property name="IsActive" type="Boolean">true</Property>
  <Property name="ListenerConnector" type="Boolean">true</Property>
  <Property name="RetryNumber" type="Integer">0</Property>
  <Property name="RetryInterval" type="Integer">660</Property>
  <Property name="TimeoutInterval" type="Integer">600</Property>
  <Property name="AllowedMethods">GET,POST,DELETE,OPTIONS</Property>
  <Property name="AuthRequired" type="Boolean">false</Property>
  <Property name="AuthScheme">Basic</Property>
  <Property name="AuthUsePortal" type="Boolean">false</Property>
  <Property name="EnableResponseEncoding" type="Boolean">false</Property>
  <Property name="EncodingForMultipartContentParsing">UTF-8</Property>
  <Property name="GET.Response.Header.Content-Type">application/xml; charset=UTF-8</Property>
  <Property name="Login"></Property>
  <Property name="POST.Response.Header.Content-Type">application/xml; charset=UTF-8</Property>
  <Property name="POST.Response.StatusCode" type="Integer">201</Property>
  <Property name="POST.SetResponseEntity" type="Boolean">true</Property>
  <Property name="POST.StartWorkflowAsync" type="Boolean">false</Property>
  <Property name="Password" type="Password" encrypted="true">bJwmx/Z1hjs=</Property>
  <Property name="RemoteConnector" type="Boolean">false</Property>
  <Property name="Timeout" type="Boolean">true</Property>
  <Property name="URITemplate">/models/{modelId}</Property>
</Properties>
