<?xml version="1.0" encoding="UTF-8"?>

<Properties version="4.1">
  <Property name="xslt.ignoreInput">false</Property>
  <Property name="xslt.params" type="List">
    <Property name="restConnector.requestQueryParams">restConnector.requestQueryParams</Property>
    <Property name="ISServerName">ISServerName</Property>
  </Property>
  <Property name="xslt.saveAtServer">false</Property>
  <Property name="xslt.source">file:/C:/Users/fpu.INUBIT/AppData/Roaming/inubit/Toolset/5.3/work/192.168.0.134_8000/root/tmp/66830156c0a8008632aca6d300c9b0ca</Property>
  <Property name="xslt.stylesheet" type="XmlDocument">&lt;?xml version="1.0" encoding="UTF-8"?&gt;
&lt;xsl:stylesheet xmlns:xsl="http://www.w3.org/1999/XSL/Transform" xmlns:misc="com.inubit.ibis.xsltext.Misc" xmlns:isxp="com.inubit.ibis.xsltext.ISFunctions" version="2.0" exclude-result-prefixes="misc isxp"&gt;
  &lt;xsl:output method="xml" encoding="UTF-8"/&gt;&lt;xsl:param name="restConnector.requestQueryParams" as="element()"&gt;&lt;QueryParams&gt;&lt;Param name="user"&gt;root&lt;/Param&gt;&lt;Param name="password"&gt;inubit&lt;/Param&gt;&lt;/QueryParams&gt;&lt;/xsl:param&gt;&lt;xsl:param name="ISServerName"&gt;(ISServerNameContent)&lt;/xsl:param&gt;
  &lt;xsl:template match="/"&gt;&lt;models server="{$ISServerName}" user="{$restConnector.requestQueryParams/Param[@name='user']}"&gt;&lt;xsl:for-each select="/ISConfiguration/Response/IBISWorkflow/Workflows/WorkflowGroup"&gt;&lt;xsl:variable name="currentGroup" select="WorkflowGroupName"/&gt;&lt;xsl:for-each select="Workflow"&gt;&lt;model&gt;&lt;name&gt;&lt;xsl:value-of select="WorkflowName"/&gt;&lt;/name&gt;&lt;type&gt;&lt;xsl:value-of select="@workflowType"/&gt;&lt;/type&gt;&lt;uri&gt;&lt;xsl:value-of select="concat('http://',$ISServerName,':8000/ibis/rest/rc/models/',WorkflowName/text())"/&gt;&lt;/uri&gt;&lt;group&gt;&lt;xsl:value-of select="$currentGroup"/&gt;&lt;/group&gt;&lt;md5&gt;&lt;xsl:value-of select="misc:encodeMD5(isxp:serialize(.))"/&gt;&lt;/md5&gt;&lt;comment&gt;&lt;xsl:value-of select="Comment"/&gt;&lt;/comment&gt;&lt;/model&gt;&lt;/xsl:for-each&gt;&lt;/xsl:for-each&gt;&lt;/models&gt;

  &lt;/xsl:template&gt;
&lt;/xsl:stylesheet&gt;</Property>
  <Property name="xslt.target">C:\Dokumente und Einstellungen\ff\Anwendungsdaten\inubit\Toolset\5.2\work\192.168.0.208_8000\root\tmp\944b993ac0a800d00071f1bb5f8347df</Property>
  <Property name="xslt.transformer">net.sf.saxon.TransformerFactoryImpl</Property>
</Properties>
