<?xml version="1.0" encoding="UTF-8"?>

<Properties version="4.1">
  <Property name="xslt.base64Zipped">true</Property>
  <Property name="xslt.ignoreInput">false</Property>
  <Property name="xslt.params" type="List">
    <Property name="restConnector.responseStatusCode">restConnector.responseStatusCode</Property>
    <Property name="ISErrorString">ISErrorString</Property>
  </Property>
  <Property name="xslt.saveAtServer">false</Property>
  <Property name="xslt.source">file:/C:/Users/fpu.INUBIT/AppData/Roaming/inubit/Toolset/5.3/work/192.168.0.134_8000/root/tmp/65292f63c0a8008623fa2bd169d0dd46</Property>
  <Property name="xslt.stylesheet" type="XmlDocument">&lt;?xml version="1.0" encoding="UTF-8"?&gt;
&lt;xsl:stylesheet xmlns:xsl="http://www.w3.org/1999/XSL/Transform" xmlns:xs="http://www.w3.org/2001/XMLSchema" version="2.0" exclude-result-prefixes="xs"&gt;
  &lt;xsl:output method="html" encoding="UTF-8"/&gt;&lt;xsl:param name="restConnector.responseStatusCode" as="xs:integer"&gt;200&lt;/xsl:param&gt;&lt;xsl:param name="ISErrorString"&gt;(ISErrorStringContent)&lt;/xsl:param&gt;&lt;xsl:template match="/"&gt;&lt;html&gt;&lt;head&gt;&lt;title&gt;Error&lt;/title&gt;&lt;/head&gt;&lt;body&gt;&lt;h1&gt;&lt;xsl:value-of select="$restConnector.responseStatusCode"/&gt;&lt;/h1&gt;&lt;/body&gt;&lt;/html&gt;

  &lt;/xsl:template&gt;
  
&lt;/xsl:stylesheet&gt;</Property>
  <Property name="xslt.target"></Property>
  <Property name="xslt.transformer">net.sf.saxon.TransformerFactoryImpl</Property>
</Properties>
