<?xml version="1.0" encoding="UTF-8"?>

<Properties version="4.1">
  <Property name="xslt.base64Zipped">true</Property>
  <Property name="xslt.ignoreInput">false</Property>
  <Property name="xslt.params" type="List"/>
  <Property name="xslt.saveAtServer">false</Property>
  <Property name="xslt.source">file:/C:/Users/fpu.INUBIT/AppData/Roaming/inubit/Toolset/5.3/work/192.168.0.134_8000/root/tmp/65370ce3c0a800863a2d636d54741547</Property>
  <Property name="xslt.stylesheet" type="XmlDocument">&lt;?xml version="1.0" encoding="UTF-8"?&gt;
&lt;xsl:stylesheet xmlns:xsl="http://www.w3.org/1999/XSL/Transform" version="2.0"&gt;
  &lt;xsl:output method="xml" encoding="UTF-8"/&gt;
  &lt;xsl:template match="/"&gt;&lt;xsl:copy-of select="/ISConfiguration/Response/Workflow"/&gt;

  &lt;/xsl:template&gt;
&lt;/xsl:stylesheet&gt;</Property>
  <Property name="xslt.target">C:\Dokumente und Einstellungen\ff\Anwendungsdaten\inubit\Toolset\5.2\work\192.168.0.208_8000\root\tmp\93c125a7c0a800d0011e468357fd0334</Property>
  <Property name="xslt.transformer">net.sf.saxon.TransformerFactoryImpl</Property>
</Properties>
