<?xml version="1.0" encoding="UTF-8"?>

<Properties version="4.1">
  <Property name="xslt.base64Zipped">true</Property>
  <Property name="xslt.ignoreInput">false</Property>
  <Property name="xslt.params" type="List"/>
  <Property name="xslt.saveAtServer">false</Property>
  <Property name="xslt.source">C:\Dokumente und Einstellungen\ff\Anwendungsdaten\inubit\Toolset\5.2\work\192.168.0.208_8000\root\tmp\a34ce4c1c0a800d0011f1b43a850a095</Property>
  <Property name="xslt.stylesheet" type="XmlDocument">&lt;?xml version="1.0" encoding="UTF-8"?&gt;
&lt;xsl:stylesheet xmlns:xsl="http://www.w3.org/1999/XSL/Transform" xmlns:wsc="http://klassix:8000/ibis/ws/1214212259748/WS_ISConnector" xmlns:isns="http://schemas.xmlsoap.org/soap/envelope/" version="2.0"&gt;
  &lt;xsl:output method="xml" encoding="UTF-8"/&gt;
  &lt;xsl:template match="/"&gt;&lt;ISConfiguration&gt;
            &lt;Operation name="importWorkflow"&gt;
                &lt;ImportUserOrGroupName&gt;&lt;xsl:value-of select="/model/user"/&gt;&lt;/ImportUserOrGroupName&gt;
                &lt;VersionCheckinComment&gt;&lt;xsl:value-of select="/model/comment"/&gt;&lt;/VersionCheckinComment&gt;
                &lt;!--message is an exported, zipped and base64 encoded workflow--&gt;
                &lt;Message&gt;&lt;xsl:value-of select="/model/workflow"/&gt;&lt;/Message&gt;
            &lt;/Operation&gt;
        &lt;/ISConfiguration&gt;

  &lt;/xsl:template&gt;
&lt;/xsl:stylesheet&gt;</Property>
  <Property name="xslt.target"></Property>
  <Property name="xslt.transformer">net.sf.saxon.TransformerFactoryImpl</Property>
</Properties>
