<?xml version="1.0" encoding="UTF-8"?>

<Properties version="4.1">
  <Property name="xslt.stylesheet" type="XmlDocument">&lt;?xml version="1.0" encoding="UTF-8"?&gt;
&lt;xsl:stylesheet xmlns:xsl="http://www.w3.org/1999/XSL/Transform" version="2.0"&gt;
  &lt;xsl:output method="xml" encoding="UTF-8"/&gt;&lt;xsl:param name="stream"&gt;(streamContent)&lt;/xsl:param&gt;
  &lt;xsl:template match="/"&gt;&lt;isns:Envelope xmlns:isns="http://schemas.xmlsoap.org/soap/envelope/" xmlns:xsd="http://www.w3.org/1999/XMLSchema"&gt;&lt;isns:Header/&gt;&lt;isns:Body xmlns:wsc="http://klassix:8000/ibis/ws/1214212259748/WS_ISConnector"&gt;&lt;!--=== operation: getWorkFlowAsBase64 === --&gt;&lt;wsc:getWorkFlowAsBase64Response&gt;&lt;wsc:base64ZipFile&gt;&lt;xsl:value-of select="$stream"/&gt;&lt;/wsc:base64ZipFile&gt;&lt;/wsc:getWorkFlowAsBase64Response&gt;&lt;/isns:Body&gt;&lt;/isns:Envelope&gt;

  &lt;/xsl:template&gt;
&lt;/xsl:stylesheet&gt;</Property>
  <Property name="xslt.base64Zipped">true</Property>
  <Property name="xslt.source"/>
  <Property name="xslt.saveAtServer">false</Property>
  <Property name="xslt.target">C:\Dokumente und Einstellungen\ff\Anwendungsdaten\inubit\Toolset\5.2\work\192.168.0.208_8000\root\tmp\a339daeba9fe3eea010f4d592192d3a4</Property>
  <Property name="xslt.ignoreInput">true</Property>
  <Property name="xslt.params" type="List">
    <Property name="stream">stream</Property>
  </Property>
  <Property name="xslt.transformer">net.sf.saxon.TransformerFactoryImpl</Property>
</Properties>
