<?xml version="1.0" encoding="UTF-8"?>

<Properties version="4.1">
  <Property name="xslt.stylesheet" type="XmlDocument">&lt;?xml version="1.0" encoding="UTF-8"?&gt;
&lt;xsl:stylesheet xmlns:xsl="http://www.w3.org/1999/XSL/Transform" version="1.0"&gt;
  &lt;xsl:output method="xml" encoding="UTF-8"/&gt;
  &lt;xsl:template match="/"&gt;&lt;soapenv:Envelope xmlns:soapenv="http://schemas.xmlsoap.org/soap/envelope/" xmlns:ws="http://klassix:8000/ibis/ws/1214212259748/WS_ISConnector"&gt;
   &lt;soapenv:Header/&gt;
   &lt;soapenv:Body&gt;&lt;wsc:getPropertiesResponse xmlns:wsc="http://klassix:8000/ibis/ws/1214212259748/WS_ISConnector"&gt;&lt;wsc:moduleName&gt;&lt;xsl:value-of select="/ISConfiguration/Request/ISConfiguration/Operation/ModuleName"/&gt;&lt;/wsc:moduleName&gt;&lt;xsl:for-each select="/ISConfiguration/Response/Properties/Property"&gt;&lt;wsc:property&gt;&lt;wsc:key&gt;&lt;xsl:value-of select="@name"/&gt;&lt;/wsc:key&gt;&lt;wsc:value&gt;&lt;xsl:value-of select="."/&gt;&lt;/wsc:value&gt;&lt;/wsc:property&gt;&lt;/xsl:for-each&gt;&lt;/wsc:getPropertiesResponse&gt;
      
   &lt;/soapenv:Body&gt;
&lt;/soapenv:Envelope&gt;&lt;/xsl:template&gt;
&lt;/xsl:stylesheet&gt;</Property>
  <Property name="xslt.saveAtServer">false</Property>
  <Property name="xslt.source">C:\Dokumente und Einstellungen\fpu\Anwendungsdaten\inubit\Toolset\5.1\work\192.168.0.134_8000\frapu\tmp\b4ec65f9c0a80086017d8bfae4bf60e4</Property>
  <Property name="xslt.ignoreInput">false</Property>
  <Property name="xslt.target">C:\Dokumente und Einstellungen\fpu\Desktop\test.xml</Property>
  <Property name="xslt.transformer">org.apache.xalan.processor.TransformerFactoryImpl</Property>
  <Property name="modelReference.in"></Property>
  <Property name="modelReference.out"></Property>
  <Property name="modelReference.op"></Property>
  <Property name="liftingSchmemaMapping"></Property>
  <Property name="loweringSchemaMapping"></Property>
</Properties>
