<?xml version="1.0" encoding="UTF-8"?>

<Properties version="4.1">
  <Property name="xslt.base64Zipped">true</Property>
  <Property name="xslt.stylesheet" type="XmlDocument">&lt;?xml version="1.0" encoding="UTF-8"?&gt;
&lt;xsl:stylesheet xmlns:xsl="http://www.w3.org/1999/XSL/Transform" version="2.0"&gt;
  &lt;xsl:output method="xml" encoding="UTF-8"/&gt;
  &lt;xsl:template match="/"&gt;&lt;isns:Envelope xmlns:isns="http://schemas.xmlsoap.org/soap/envelope/" xmlns:wsc="http://klassix:8000/ibis/ws/1214212259748/WS_ISConnector"&gt;
   &lt;isns:Header/&gt;
   &lt;isns:Body&gt;
      &lt;wsc:importWorkflowAsBase64Response&gt;
         
         &lt;wsc:status&gt;&lt;xsl:value-of select="/ISConfiguration/Status"/&gt;&lt;/wsc:status&gt;
      &lt;/wsc:importWorkflowAsBase64Response&gt;
   &lt;/isns:Body&gt;
&lt;/isns:Envelope&gt;

  &lt;/xsl:template&gt;
&lt;/xsl:stylesheet&gt;</Property>
  <Property name="xslt.saveAtServer">false</Property>
  <Property name="xslt.source">C:\Dokumente und Einstellungen\ff\Anwendungsdaten\inubit\Toolset\5.2\work\192.168.0.208_8000\root\tmp\a34c22f6c0a800d001c0fd6fd9c40b77</Property>
  <Property name="xslt.ignoreInput">false</Property>
  <Property name="xslt.target">C:\Dokumente und Einstellungen\ff\Anwendungsdaten\inubit\Toolset\5.2\work\192.168.0.208_8000\root\tmp\a34c01f5c0a800d00104d31f3b35e9a4</Property>
  <Property name="xslt.params" type="List"/>
  <Property name="xslt.transformer">net.sf.saxon.TransformerFactoryImpl</Property>
</Properties>
