<?xml version="1.0" encoding="UTF-8"?>

<Properties version="4.1">
  <Property name="xslt.stylesheet" type="XmlDocument">&lt;?xml version="1.0" encoding="UTF-8"?&gt;
&lt;xsl:stylesheet xmlns:xsl="http://www.w3.org/1999/XSL/Transform" xmlns:ws="http://klassix:8000/ibis/ws/1214212259748/WS_ISConnector" xmlns:soapenv="http://schemas.xmlsoap.org/soap/envelope/" version="1.0"&gt;
  &lt;xsl:output method="xml" encoding="UTF-8"/&gt;
  &lt;xsl:template match="/"&gt;&lt;ISConfiguration&gt;&lt;Operation name="getModuleList"&gt;&lt;xsl:if test="/soapenv:Envelope/soapenv:Body/ws:getModules/ws:groupName"&gt;&lt;!--if a UserGroupName ist given, the module list that is visible for the given user group is read--&gt;&lt;UserGroupName&gt;&lt;xsl:value-of select="/soapenv:Envelope/soapenv:Body/ws:getModules/ws:groupName"/&gt;&lt;/UserGroupName&gt;&lt;/xsl:if&gt;
                
                
            &lt;/Operation&gt;&lt;User&gt;&lt;xsl:value-of select="/soapenv:Envelope/soapenv:Body/ws:getModules/ws:account/ws:user"/&gt;&lt;/User&gt;&lt;Password&gt;&lt;xsl:value-of select="/soapenv:Envelope/soapenv:Body/ws:getModules/ws:account/ws:password"/&gt;&lt;/Password&gt;
            
        &lt;/ISConfiguration&gt;&lt;/xsl:template&gt;
&lt;/xsl:stylesheet&gt;</Property>
  <Property name="xslt.ignoreInput">false</Property>
  <Property name="loweringSchemaMapping"/>
  <Property name="xslt.target"/>
  <Property name="modelReference.out"/>
  <Property name="xslt.saveAtServer">false</Property>
  <Property name="modelReference.op"/>
  <Property name="modelReference.in"/>
  <Property name="xslt.source"/>
  <Property name="xslt.transformer">org.apache.xalan.processor.TransformerFactoryImpl</Property>
  <Property name="liftingSchmemaMapping"/>
  <Property name="xslt.params" type="List"/>
</Properties>
