<?xml version="1.0" encoding="UTF-8"?>

<Properties version="4.1">
  <Property name="xslt.base64Zipped">true</Property>
  <Property name="xslt.stylesheet" type="XmlDocument">&lt;?xml version="1.0" encoding="UTF-8"?&gt;
&lt;xsl:stylesheet xmlns:xsl="http://www.w3.org/1999/XSL/Transform" version="2.0"&gt;
  &lt;xsl:output method="xml" encoding="UTF-8"/&gt;
  &lt;xsl:template match="/"&gt;&lt;ISConfiguration&gt;
            &lt;Operation name="modifyWorkflowProperties"&gt;
                &lt;WorkflowName&gt;BPD&lt;/WorkflowName&gt;&lt;Properties version="4.0"&gt;
                    &lt;Property name="IsActive"&gt;true&lt;/Property&gt;
                &lt;/Properties&gt;&lt;Metadata&gt;
                    &lt;WorkflowModule&gt;&lt;ModuleId&gt;3&lt;/ModuleId&gt;&lt;Metadata version="4.0"&gt;
                            &lt;Property name="SemanticAnnotation"&gt;test.1111@inubit.de&lt;/Property&gt;
                            
                        &lt;/Metadata&gt;&lt;/WorkflowModule&gt;
                    
                &lt;/Metadata&gt;
                
                
                
                
                
                
                
            &lt;/Operation&gt;
        &lt;/ISConfiguration&gt;

  &lt;/xsl:template&gt;
&lt;/xsl:stylesheet&gt;</Property>
  <Property name="xslt.saveAtServer">false</Property>
  <Property name="xslt.source">C:\Dokumente und Einstellungen\ff\Anwendungsdaten\inubit\Toolset\5.2\work\192.168.0.208_8000\root\tmp\9e49a69ac0a800d001ffaab5b4a20cc5</Property>
  <Property name="xslt.ignoreInput">true</Property>
  <Property name="xslt.target">C:\Dokumente und Einstellungen\ff\Anwendungsdaten\inubit\Toolset\5.2\work\192.168.0.208_8000\root\tmp\9e78bb07c0a800d00155741274cbe22e</Property>
  <Property name="xslt.transformer">net.sf.saxon.TransformerFactoryImpl</Property>
  <Property name="xslt.params" type="List"/>
</Properties>
