<?xml version="1.0" encoding="UTF-8"?>

<Properties version="4.1">
  <Property name="xslt.stylesheet" type="XmlDocument">&lt;?xml version="1.0" encoding="UTF-8"?&gt;
&lt;xsl:stylesheet xmlns:xsl="http://www.w3.org/1999/XSL/Transform" xmlns:ws="http://klassix:8000/ibis/ws/1214212259748/WS_ISConnector" xmlns:S="http://schemas.xmlsoap.org/soap/envelope/" version="1.0"&gt;
  &lt;xsl:output method="xml" encoding="UTF-8"/&gt;&lt;xsl:param name="userPassword"&gt;(userPasswordContent)&lt;/xsl:param&gt;&lt;xsl:param name="userName"&gt;(userNameContent)&lt;/xsl:param&gt;&lt;xsl:param name="moduleName"&gt;(moduleNameContent)&lt;/xsl:param&gt;
  &lt;xsl:template match="/"&gt;&lt;ISConfiguration&gt;
            &lt;Operation name="modifyModuleProperties"&gt;
                &lt;ModuleName&gt;&lt;xsl:value-of select="/S:Envelope/S:Body/ws:setProperties/ws:moduleName"/&gt;&lt;/ModuleName&gt;&lt;Properties version="4.0"&gt;&lt;xsl:for-each select="/S:Envelope/S:Body/ws:setProperties/ws:property"&gt;&lt;Property name="{ws:key}"&gt;&lt;xsl:value-of select="ws:value"/&gt;&lt;/Property&gt;&lt;/xsl:for-each&gt;
                    
                    
                &lt;/Properties&gt;
                
                
                
            &lt;/Operation&gt;&lt;User&gt;&lt;xsl:value-of select="/S:Envelope/S:Body/ws:setProperties/ws:account/ws:user"/&gt;&lt;/User&gt;&lt;Password&gt;&lt;xsl:value-of select="/S:Envelope/S:Body/ws:setProperties/ws:account/ws:password"/&gt;&lt;/Password&gt;
        &lt;/ISConfiguration&gt;&lt;/xsl:template&gt;
&lt;/xsl:stylesheet&gt;</Property>
  <Property name="xslt.ignoreInput">false</Property>
  <Property name="loweringSchemaMapping"/>
  <Property name="xslt.target">C:\Dokumente und Einstellungen\fpu\Anwendungsdaten\inubit\Toolset\5.1\work\192.168.0.134_8000\frapu\tmp\b486fc2fc0a800860026b5d08cfa00bf</Property>
  <Property name="modelReference.out"/>
  <Property name="xslt.saveAtServer">false</Property>
  <Property name="modelReference.op"/>
  <Property name="modelReference.in"/>
  <Property name="xslt.source">C:\Dokumente und Einstellungen\fpu\Anwendungsdaten\inubit\Toolset\5.1\work\192.168.0.134_8000\frapu\tmp\d9765ef2c0a800860068ef73d54d72ea</Property>
  <Property name="xslt.transformer">org.apache.xalan.processor.TransformerFactoryImpl</Property>
  <Property name="liftingSchmemaMapping"/>
  <Property name="xslt.params" type="List">
    <Property name="userPassword">userPassword</Property>
    <Property name="userName">userName</Property>
    <Property name="moduleName">moduleName</Property>
  </Property>
</Properties>
