<?xml version="1.0" encoding="UTF-8"?>

<Properties version="4.1">
  <Property name="xslt.base64Zipped">true</Property>
  <Property name="xslt.ignoreInput">true</Property>
  <Property name="xslt.params" type="List">
    <Property name="restConnector.requestURITemplateParam.modelId">restConnector.requestURITemplateParam.modelId</Property>
    <Property name="restConnector.requestQueryParams">restConnector.requestQueryParams</Property>
  </Property>
  <Property name="xslt.saveAtServer">false</Property>
  <Property name="xslt.source">file:/C:/Users/fpu.INUBIT/AppData/Roaming/inubit/Toolset/5.3/work/192.168.0.134_8000/root/tmp/65292f63c0a8008623fa2bd169d0dd46</Property>
  <Property name="xslt.stylesheet" type="XmlDocument">&lt;?xml version="1.0" encoding="UTF-8"?&gt;
&lt;xsl:stylesheet xmlns:xsl="http://www.w3.org/1999/XSL/Transform" xmlns:ws="http://klassix:8000/ibis/ws/1214212259748/WS_ISConnector" xmlns:soapenv="http://schemas.xmlsoap.org/soap/envelope/" version="2.0"&gt;
  &lt;xsl:output method="xml" encoding="UTF-8"/&gt;&lt;xsl:param name="restConnector.requestURITemplateParam.modelId"&gt;(restConnector.requestURITemplateParam.modelIdContent)&lt;/xsl:param&gt;&lt;xsl:param name="restConnector.requestQueryParams" as="element()"&gt;&lt;QueryParams&gt;&lt;Param name="user"&gt;root&lt;/Param&gt;&lt;Param name="password"&gt;inubit&lt;/Param&gt;&lt;/QueryParams&gt;&lt;/xsl:param&gt;
  &lt;xsl:template match="/"&gt;&lt;ISConfiguration&gt;
            
            &lt;Operation name="getWorkflowProperties"&gt;
                &lt;WorkflowName&gt;&lt;xsl:value-of select="$restConnector.requestURITemplateParam.modelId"/&gt;&lt;/WorkflowName&gt;
            &lt;/Operation&gt;&lt;User&gt;&lt;xsl:value-of select="$restConnector.requestQueryParams/Param[@name='user']"/&gt;&lt;/User&gt;&lt;Password&gt;&lt;xsl:value-of select="$restConnector.requestQueryParams/Param[@name='password']"/&gt;&lt;/Password&gt;
        &lt;/ISConfiguration&gt;

  &lt;/xsl:template&gt;
&lt;/xsl:stylesheet&gt;</Property>
  <Property name="xslt.target"></Property>
  <Property name="xslt.transformer">net.sf.saxon.TransformerFactoryImpl</Property>
</Properties>
