<?xml version="1.0" encoding="UTF-8"?>

<Properties version="4.1">
  <Property name="xslt.stylesheet" type="XmlDocument">&lt;?xml version="1.0" encoding="UTF-8"?&gt;
&lt;xsl:stylesheet xmlns:xsl="http://www.w3.org/1999/XSL/Transform" xmlns:ws="http://klassix:8000/ibis/ws/1214212259748/WS_ISConnector" xmlns:soapenv="http://schemas.xmlsoap.org/soap/envelope/" version="1.0"&gt;
  &lt;xsl:output method="xml" encoding="UTF-8"/&gt;
  &lt;xsl:template match="/"&gt;&lt;ISConfiguration&gt;
            &lt;Operation name="getUserList"&gt;
                &lt;UserName&gt;&lt;xsl:value-of select="/soapenv:Envelope/soapenv:Body/ws:getUsers"/&gt;&lt;/UserName&gt;
            &lt;/Operation&gt;
        &lt;/ISConfiguration&gt;&lt;/xsl:template&gt;
&lt;/xsl:stylesheet&gt;</Property>
  <Property name="xslt.source">C:\Dokumente und Einstellungen\fpu\Anwendungsdaten\inubit\Toolset\5.1\work\192.168.0.134_8000\frapu\tmp\b56e8528c0a8008600b44d178d35fd0f</Property>
  <Property name="xslt.saveAtServer">false</Property>
  <Property name="xslt.target">C:\Dokumente und Einstellungen\fpu\Anwendungsdaten\inubit\Toolset\5.1\work\192.168.0.134_8000\frapu\tmp\b566a4b3c0a800860156f1868784081e</Property>
  <Property name="xslt.ignoreInput">false</Property>
  <Property name="xslt.transformer">org.apache.xalan.processor.TransformerFactoryImpl</Property>
  <Property name="modelReference.in"></Property>
  <Property name="modelReference.out"></Property>
  <Property name="modelReference.op"></Property>
  <Property name="liftingSchmemaMapping"></Property>
  <Property name="loweringSchemaMapping"></Property>
</Properties>
