<?xml version="1.0" encoding="UTF-8"?><IBISWorkflow version="5.3">
  <Workflows>
    <WorkflowGroup>
      <WorkflowGroupName>REST</WorkflowGroupName>
      <Workflow version="head" workflowType="technical">
        <WorkflowName>REST-ProcessEditorPortlet</WorkflowName>
        <WorkflowUId>-3656a30c:123efeaf190:-7fe3</WorkflowUId>
        <Comment>&lt;p style="margin-top: 0"&gt; &lt;/p&gt;</Comment>
        <CheckinComment>@@@Server: bigfoot.intra.inubit.com@@@Version: 1@@@25.09.2009 15:19:57@@@</CheckinComment>
        <IsActive>true</IsActive>
        <XPathVersion>2.0</XPathVersion>
        <WorkflowModule moduleType="technical">
          <ModuleId>13898029</ModuleId>
          <ModuleName>Retrieve Process Model List</ModuleName>
          <StyleSheet xPos="290" yPos="110"/>
          <Connection moduleOutId="13898040">
            <ConnectionNames version="4.1"/>
            <Comments version="4.1"/>
            <ConnectionId>2</ConnectionId>
            <StyleSheet labelPosition="50.0"/>
          </Connection>
        </WorkflowModule>
        <WorkflowModule moduleType="technical">
          <ModuleId>13898033</ModuleId>
          <ModuleName>Joiner</ModuleName>
          <StyleSheet xPos="180" yPos="110"/>
          <Connection moduleOutId="13898029">
            <ConnectionNames version="4.1"/>
            <Comments version="4.1"/>
            <ConnectionId>3</ConnectionId>
            <StyleSheet labelPosition="50.0"/>
          </Connection>
        </WorkflowModule>
        <WorkflowModule moduleType="technical">
          <ModuleId>13898051</ModuleId>
          <ModuleName>Show ProcessEditor</ModuleName>
          <StyleSheet xPos="580" yPos="110"/>
          <Connection moduleOutId="13898033">
            <ConnectionNames version="4.1"/>
            <Comments version="4.1"/>
            <ConnectionId>1</ConnectionId>
            <StyleSheet labelPosition="50.0">
              <Junctures>
                <Point xPos="640" yPos="130"/>
                <Point xPos="690" yPos="130"/>
                <Point xPos="690" yPos="40"/>
                <Point xPos="160" yPos="40"/>
                <Point xPos="160" yPos="130"/>
                <Point xPos="180" yPos="130"/>
              </Junctures>
            </StyleSheet>
          </Connection>
        </WorkflowModule>
        <WorkflowModule moduleType="technical">
          <ModuleId>13898031</ModuleId>
          <ModuleName>ProcessEditorConnector</ModuleName>
          <StyleSheet xPos="60" yPos="110"/>
          <Connection moduleOutId="13898033">
            <ConnectionNames version="4.1"/>
            <Comments version="4.1"/>
            <ConnectionId>5</ConnectionId>
            <StyleSheet labelPosition="50.0"/>
          </Connection>
        </WorkflowModule>
        <WorkflowModule moduleType="technical">
          <ModuleId>13898040</ModuleId>
          <ModuleName>ShowProcessModels</ModuleName>
          <StyleSheet xPos="430" yPos="110"/>
          <Connection moduleOutId="13898051">
            <ConnectionNames version="4.1"/>
            <Comments version="4.1"/>
            <ConnectionId>4</ConnectionId>
            <StyleSheet labelPosition="50.0"/>
          </Connection>
        </WorkflowModule>
        <Variables xmlns:xs="http://www.w3.org/2001/XMLSchema"/>
      </Workflow>
    </WorkflowGroup>
  </Workflows>
</IBISWorkflow>
