<?xml version="1.0" encoding="UTF-8"?><IBISWorkflow version="5.3">
  <Workflows>
    <WorkflowGroup>
      <WorkflowGroupName>test</WorkflowGroupName>
      <Workflow version="head" workflowType="bpd">
        <WorkflowName>test2</WorkflowName>
        <WorkflowUId>743baf38:12525f766d8:-7f49</WorkflowUId>
        <CheckinComment>@@@Server: decplex.intra.inubit.com@@@Version: 5@@@30.11.2009 11:01:53@@@</CheckinComment>
        <IsActive>false</IsActive>
        <XPathVersion>1.0</XPathVersion>
        <WorkflowModule moduleType="DataInput">
          <ModuleId>79</ModuleId>
          <StyleSheet xPos="735" yPos="545"/>
        </WorkflowModule>
        <WorkflowModule moduleType="StopEvent">
          <ModuleId>77</ModuleId>
          <StyleSheet xPos="485" yPos="395"/>
          <Properties version="4.1">
            <Property name="ModuleSpecific" type="Map">
              <Property name="ResultType">Cancel</Property>
            </Property>
          </Properties>
        </WorkflowModule>
        <WorkflowModule moduleType="IntermediateEvent">
          <ModuleId>35</ModuleId>
          <StyleSheet xPos="365" yPos="385"/>
          <Properties version="4.1">
            <Property name="ModuleSpecific" type="Map">
              <Property name="TriggerType">Message</Property>
              <Property name="CancelActivity" type="Boolean">true</Property>
            </Property>
          </Properties>
        </WorkflowModule>
        <WorkflowModule moduleType="IntermediateEvent">
          <ModuleId>36</ModuleId>
          <StyleSheet xPos="375" yPos="475"/>
          <Properties version="4.1">
            <Property name="ModuleSpecific" type="Map">
              <Property name="TriggerType">Timer</Property>
              <Property name="CancelActivity" type="Boolean">true</Property>
            </Property>
          </Properties>
        </WorkflowModule>
        <WorkflowModule moduleType="Task">
          <ModuleId>33</ModuleId>
          <StyleSheet xPos="170" yPos="760"/>
          <Properties version="4.1">
            <Property name="ModuleSpecific" type="Map">
              <Property name="StartQuantity" type="Integer">1</Property>
              <Property name="CompletionQuantity" type="Integer">1</Property>
              <Property name="LoopType">None</Property>
              <Property name="TaskType">Custom</Property>
              <Property name="GlobalTask" type="Boolean">false</Property>
              <Property name="Stereotype">CREDITCARD_CHECK</Property>
            </Property>
          </Properties>
        </WorkflowModule>
        <WorkflowModule moduleType="StartEvent">
          <ModuleId>34</ModuleId>
          <StyleSheet xPos="295" yPos="335"/>
          <Properties version="4.1">
            <Property name="ModuleSpecific" type="Map">
              <Property name="TriggerType">None</Property>
              <Property name="IsInterrupting" type="Boolean">true</Property>
            </Property>
          </Properties>
        </WorkflowModule>
        <WorkflowModule moduleType="IntermediateEvent">
          <ModuleId>39</ModuleId>
          <StyleSheet xPos="425" yPos="385"/>
          <Properties version="4.1">
            <Property name="ModuleSpecific" type="Map">
              <Property name="TriggerType">LinkThrowing</Property>
              <Property name="CancelActivity" type="Boolean">true</Property>
            </Property>
          </Properties>
        </WorkflowModule>
        <WorkflowModule moduleType="IntermediateEvent">
          <ModuleId>37</ModuleId>
          <StyleSheet xPos="385" yPos="615"/>
          <Properties version="4.1">
            <Property name="ModuleSpecific" type="Map">
              <Property name="TriggerType">EscalationThrowing</Property>
              <Property name="CancelActivity" type="Boolean">true</Property>
            </Property>
          </Properties>
        </WorkflowModule>
        <WorkflowModule moduleType="IntermediateEvent">
          <ModuleId>38</ModuleId>
          <StyleSheet xPos="385" yPos="655"/>
          <Properties version="4.1">
            <Property name="ModuleSpecific" type="Map">
              <Property name="TriggerType">Cancel</Property>
              <Property name="CancelActivity" type="Boolean">true</Property>
            </Property>
          </Properties>
        </WorkflowModule>
        <WorkflowModule moduleType="StopEvent">
          <ModuleId>43</ModuleId>
          <StyleSheet xPos="485" yPos="355"/>
          <Properties version="4.1">
            <Property name="ModuleSpecific" type="Map">
              <Property name="ResultType">Escalation</Property>
            </Property>
          </Properties>
        </WorkflowModule>
        <WorkflowModule moduleType="IntermediateEvent">
          <ModuleId>42</ModuleId>
          <StyleSheet xPos="445" yPos="575"/>
          <Properties version="4.1">
            <Property name="ModuleSpecific" type="Map">
              <Property name="TriggerType">MultipleThrowing</Property>
              <Property name="CancelActivity" type="Boolean">true</Property>
            </Property>
          </Properties>
        </WorkflowModule>
        <WorkflowModule moduleType="IntermediateEvent">
          <ModuleId>41</ModuleId>
          <StyleSheet xPos="435" yPos="525"/>
          <Properties version="4.1">
            <Property name="ModuleSpecific" type="Map">
              <Property name="TriggerType">Multiple</Property>
              <Property name="CancelActivity" type="Boolean">true</Property>
            </Property>
          </Properties>
        </WorkflowModule>
        <WorkflowModule moduleType="IntermediateEvent">
          <ModuleId>40</ModuleId>
          <StyleSheet xPos="425" yPos="485"/>
          <Properties version="4.1">
            <Property name="ModuleSpecific" type="Map">
              <Property name="TriggerType">SignalThrowing</Property>
              <Property name="CancelActivity" type="Boolean">true</Property>
            </Property>
          </Properties>
        </WorkflowModule>
        <WorkflowModule moduleType="DataStore">
          <ModuleId>80</ModuleId>
          <StyleSheet xPos="665" yPos="435"/>
          <Connection moduleOutId="81" type="Association">
            <ConnectionNames version="4.1"/>
            <Comments version="4.1"/>
            <ConnectionId>82</ConnectionId>
            <Properties version="4.1">
              <Property name="ModuleSpecific" type="Map">
                <Property name="Direction">One</Property>
              </Property>
            </Properties>
          </Connection>
        </WorkflowModule>
        <WorkflowModule moduleType="Gateway">
          <ModuleId>81</ModuleId>
          <StyleSheet xPos="620" yPos="310"/>
          <Properties version="4.1">
            <Property name="ModuleSpecific" type="Map">
              <Property name="GatewayType">Parallel</Property>
              <Property name="GatewayDirection">unspecified</Property>
            </Property>
          </Properties>
        </WorkflowModule>
        <WorkflowModule moduleType="PoolBlackBox">
          <ModuleId>86</ModuleId>
          <ModuleName>Participant</ModuleName>
          <StyleSheet xPos="540" yPos="1230"/>
        </WorkflowModule>
        <WorkflowModule moduleType="ChoreographyTask">
          <ModuleId>84</ModuleId>
          <ParentModule moduleId="61"/>
          <StyleSheet height="100" width="150" xPos="300" yPos="980"/>
        </WorkflowModule>
        <WorkflowModule moduleType="PoolBlackBox">
          <ModuleId>85</ModuleId>
          <ModuleName>Participant</ModuleName>
          <StyleSheet xPos="540" yPos="1130"/>
        </WorkflowModule>
        <WorkflowModule moduleType="CallChoreographyActivity">
          <ModuleId>66</ModuleId>
          <StyleSheet height="140" width="150" xPos="530" yPos="930"/>
          <Properties version="4.1">
            <Property name="ModuleSpecific" type="Map">
              <Property name="InitiatingParticipant">uppp3</Property>
              <Property name="ParticipantsAtTop" type="List">
                <Property name="Participant" type="Map">
                  <Property name="ParticipantName">uppp3</Property>
                  <Property name="ParticipantMultiplicity" type="Map">
                    <Property name="Minimum" type="Integer">6</Property>
                    <Property name="Maximum" type="Integer">2</Property>
                  </Property>
                </Property>
              </Property>
              <Property name="ParticipantsAtBottom" type="List">
                <Property name="Participant" type="Map">
                  <Property name="ParticipantName">Participant</Property>
                </Property>
              </Property>
              <Property name="LoopType">None</Property>
            </Property>
          </Properties>
        </WorkflowModule>
        <WorkflowModule moduleType="SubConversation">
          <ModuleId>69</ModuleId>
          <StyleSheet xPos="310" yPos="1222"/>
        </WorkflowModule>
        <WorkflowModule moduleType="Task">
          <ModuleId>22</ModuleId>
          <StyleSheet xPos="30" yPos="370"/>
          <Properties version="4.1">
            <Property name="ModuleSpecific" type="Map">
              <Property name="StartQuantity" type="Integer">1</Property>
              <Property name="CompletionQuantity" type="Integer">1</Property>
              <Property name="LoopType">None</Property>
              <Property name="TaskType">Service</Property>
              <Property name="GlobalTask" type="Boolean">false</Property>
            </Property>
          </Properties>
          <Connection moduleOutId="29" type="SequenceFlow">
            <ConnectionNames version="4.1"/>
            <Comments version="4.1"/>
            <ConnectionId>73</ConnectionId>
            <Properties version="4.1">
              <Property name="ModuleSpecific" type="Map">
                <Property name="ConditionType">None</Property>
              </Property>
            </Properties>
          </Connection>
        </WorkflowModule>
        <WorkflowModule moduleType="Task">
          <ModuleId>23</ModuleId>
          <StyleSheet xPos="30" yPos="440"/>
          <Properties version="4.1">
            <Property name="ModuleSpecific" type="Map">
              <Property name="StartQuantity" type="Integer">1</Property>
              <Property name="CompletionQuantity" type="Integer">1</Property>
              <Property name="LoopType">None</Property>
              <Property name="TaskType">Send</Property>
              <Property name="GlobalTask" type="Boolean">false</Property>
            </Property>
          </Properties>
          <Connection moduleOutId="24" type="SequenceFlow">
            <ConnectionNames version="4.1"/>
            <Comments version="4.1"/>
            <ConnectionId>107</ConnectionId>
            <Properties version="4.1">
              <Property name="ModuleSpecific" type="Map">
                <Property name="ConditionType">None</Property>
              </Property>
            </Properties>
          </Connection>
        </WorkflowModule>
        <WorkflowModule moduleType="Task">
          <ModuleId>24</ModuleId>
          <StyleSheet xPos="30" yPos="520"/>
          <Properties version="4.1">
            <Property name="ModuleSpecific" type="Map">
              <Property name="StartQuantity" type="Integer">1</Property>
              <Property name="CompletionQuantity" type="Integer">1</Property>
              <Property name="LoopType">None</Property>
              <Property name="TaskType">Receive</Property>
              <Property name="GlobalTask" type="Boolean">false</Property>
            </Property>
          </Properties>
        </WorkflowModule>
        <WorkflowModule moduleType="Task">
          <ModuleId>25</ModuleId>
          <StyleSheet xPos="30" yPos="600"/>
          <Properties version="4.1">
            <Property name="ModuleSpecific" type="Map">
              <Property name="StartQuantity" type="Integer">1</Property>
              <Property name="CompletionQuantity" type="Integer">1</Property>
              <Property name="LoopType">None</Property>
              <Property name="TaskType">User</Property>
              <Property name="GlobalTask" type="Boolean">false</Property>
            </Property>
          </Properties>
        </WorkflowModule>
        <WorkflowModule moduleType="Task">
          <ModuleId>26</ModuleId>
          <StyleSheet xPos="50" yPos="760"/>
          <Properties version="4.1">
            <Property name="ModuleSpecific" type="Map">
              <Property name="StartQuantity" type="Integer">1</Property>
              <Property name="CompletionQuantity" type="Integer">1</Property>
              <Property name="LoopType">None</Property>
              <Property name="TaskType">BusinessRule</Property>
              <Property name="GlobalTask" type="Boolean">false</Property>
            </Property>
          </Properties>
        </WorkflowModule>
        <WorkflowModule moduleType="Task">
          <ModuleId>27</ModuleId>
          <StyleSheet xPos="40" yPos="680"/>
          <Properties version="4.1">
            <Property name="ModuleSpecific" type="Map">
              <Property name="StartQuantity" type="Integer">1</Property>
              <Property name="CompletionQuantity" type="Integer">1</Property>
              <Property name="LoopType">None</Property>
              <Property name="TaskType">Manual</Property>
              <Property name="GlobalTask" type="Boolean">false</Property>
            </Property>
          </Properties>
        </WorkflowModule>
        <WorkflowModule moduleType="Task">
          <ModuleId>28</ModuleId>
          <StyleSheet xPos="160" yPos="340"/>
          <Properties version="4.1">
            <Property name="ModuleSpecific" type="Map">
              <Property name="StartQuantity" type="Integer">1</Property>
              <Property name="CompletionQuantity" type="Integer">1</Property>
              <Property name="LoopType">None</Property>
              <Property name="TaskType">Script</Property>
              <Property name="GlobalTask" type="Boolean">false</Property>
            </Property>
          </Properties>
        </WorkflowModule>
        <WorkflowModule moduleType="SubProcess">
          <ModuleId>29</ModuleId>
          <StyleSheet xPos="150" yPos="420"/>
          <Properties version="4.1">
            <Property name="ModuleSpecific" type="Map">
              <Property name="StartQuantity" type="Integer">1</Property>
              <Property name="CompletionQuantity" type="Integer">1</Property>
              <Property name="LoopType">None</Property>
              <Property name="SubProcessType">Normal</Property>
              <Property name="TriggeredByEvent" type="Boolean">false</Property>
            </Property>
          </Properties>
        </WorkflowModule>
        <WorkflowModule moduleType="SubProcess">
          <ModuleId>30</ModuleId>
          <StyleSheet xPos="160" yPos="500"/>
          <Properties version="4.1">
            <Property name="ModuleSpecific" type="Map">
              <Property name="StartQuantity" type="Integer">1</Property>
              <Property name="CompletionQuantity" type="Integer">1</Property>
              <Property name="LoopType">None</Property>
              <Property name="SubProcessType">Normal</Property>
              <Property name="TriggeredByEvent" type="Boolean">true</Property>
            </Property>
          </Properties>
        </WorkflowModule>
        <WorkflowModule moduleType="Task">
          <ModuleId>32</ModuleId>
          <StyleSheet xPos="170" yPos="680"/>
          <Properties version="4.1">
            <Property name="ModuleSpecific" type="Map">
              <Property name="StartQuantity" type="Integer">1</Property>
              <Property name="CompletionQuantity" type="Integer">1</Property>
              <Property name="LoopType">None</Property>
              <Property name="TaskType">Custom</Property>
              <Property name="GlobalTask" type="Boolean">false</Property>
              <Property name="Stereotype">ACCOUNTING_CONTROL</Property>
            </Property>
          </Properties>
        </WorkflowModule>
        <WorkflowModule moduleType="CallActivity">
          <ModuleId>31</ModuleId>
          <StyleSheet xPos="170" yPos="590"/>
          <Properties version="4.1">
            <Property name="ModuleSpecific" type="Map">
              <Property name="StartQuantity" type="Integer">1</Property>
              <Property name="CompletionQuantity" type="Integer">1</Property>
              <Property name="LoopType">None</Property>
            </Property>
          </Properties>
        </WorkflowModule>
        <WorkflowModule moduleType="CallConversation">
          <ModuleId>70</ModuleId>
          <StyleSheet xPos="390" yPos="1222"/>
        </WorkflowModule>
        <WorkflowModule moduleType="IntermediateEvent">
          <ModuleId>71</ModuleId>
          <StyleSheet xPos="425" yPos="435"/>
          <Properties version="4.1">
            <Property name="ModuleSpecific" type="Map">
              <Property name="TriggerType">Signal</Property>
              <Property name="CancelActivity" type="Boolean">true</Property>
            </Property>
          </Properties>
        </WorkflowModule>
        <WorkflowModule moduleType="IntermediateEvent">
          <ModuleId>72</ModuleId>
          <StyleSheet xPos="365" yPos="345"/>
          <Properties version="4.1">
            <Property name="ModuleSpecific" type="Map">
              <Property name="TriggerType">None</Property>
              <Property name="CancelActivity" type="Boolean">true</Property>
            </Property>
          </Properties>
        </WorkflowModule>
        <WorkflowModule moduleType="StopEvent">
          <ModuleId>75</ModuleId>
          <StyleSheet xPos="495" yPos="495"/>
          <Properties version="4.1">
            <Property name="ModuleSpecific" type="Map">
              <Property name="ResultType">Signal</Property>
            </Property>
          </Properties>
        </WorkflowModule>
        <WorkflowModule moduleType="StopEvent">
          <ModuleId>76</ModuleId>
          <StyleSheet xPos="485" yPos="445"/>
          <Properties version="4.1">
            <Property name="ModuleSpecific" type="Map">
              <Property name="ResultType">Compensation</Property>
            </Property>
          </Properties>
        </WorkflowModule>
        <WorkflowModule moduleType="Communication">
          <ModuleId>58</ModuleId>
          <StyleSheet xPos="230" yPos="1222"/>
          <Connection moduleOutId="86" type="ConversationLink">
            <ConnectionNames version="4.1"/>
            <Comments version="4.1"/>
            <ConnectionId>87</ConnectionId>
            <StyleSheet>
              <Junctures>
                <Point xPos="250" yPos="1258"/>
                <Point xPos="250" yPos="1300"/>
                <Point xPos="540" yPos="1300"/>
              </Junctures>
            </StyleSheet>
          </Connection>
          <Connection moduleOutId="85" type="ConversationLink">
            <ConnectionNames version="4.1"/>
            <Comments version="4.1"/>
            <ConnectionId>88</ConnectionId>
            <StyleSheet>
              <Junctures>
                <Point xPos="250" yPos="1222"/>
                <Point xPos="250" yPos="1180"/>
                <Point xPos="540" yPos="1180"/>
              </Junctures>
            </StyleSheet>
          </Connection>
        </WorkflowModule>
        <WorkflowModule moduleType="TextAnnotation">
          <ModuleId>57</ModuleId>
          <StyleSheet xPos="770" yPos="780"/>
        </WorkflowModule>
        <WorkflowModule moduleType="PoolVertical">
          <ModuleId>19</ModuleId>
          <ModuleName>Pool</ModuleName>
          <StyleSheet height="60" width="400" xPos="20" yPos="140"/>
        </WorkflowModule>
        <WorkflowModule moduleType="RepositoryImage">
          <ModuleId>56</ModuleId>
          <StyleSheet xPos="690" yPos="800"/>
        </WorkflowModule>
        <WorkflowModule moduleType="Message">
          <ModuleId>55</ModuleId>
          <StyleSheet xPos="607" yPos="800"/>
        </WorkflowModule>
        <WorkflowModule moduleType="PoolHorizontal">
          <ModuleId>18</ModuleId>
          <ModuleName>Pool</ModuleName>
          <StyleSheet xPos="20" yPos="20"/>
        </WorkflowModule>
        <WorkflowModule moduleType="Task">
          <ModuleId>21</ModuleId>
          <StyleSheet height="30" width="100" xPos="30" yPos="325"/>
          <Properties version="4.1">
            <Property name="ModuleSpecific" type="Map">
              <Property name="StartQuantity" type="Integer">1</Property>
              <Property name="CompletionQuantity" type="Integer">1</Property>
              <Property name="LoopType">None</Property>
              <Property name="TaskType">None</Property>
              <Property name="GlobalTask" type="Boolean">false</Property>
            </Property>
          </Properties>
        </WorkflowModule>
        <WorkflowModule moduleType="PoolBlackBox">
          <ModuleId>20</ModuleId>
          <ModuleName>Participant</ModuleName>
          <StyleSheet xPos="30" yPos="210"/>
          <Connection moduleOutId="18" type="MessageFlow">
            <ConnectionNames version="4.1"/>
            <Comments version="4.1"/>
            <ConnectionId>78</ConnectionId>
            <StyleSheet>
              <Junctures>
                <Point xPos="430" yPos="260"/>
                <Point xPos="480" yPos="260"/>
                <Point xPos="480" yPos="70"/>
                <Point xPos="420" yPos="70"/>
              </Junctures>
            </StyleSheet>
          </Connection>
        </WorkflowModule>
        <WorkflowModule moduleType="StopEvent">
          <ModuleId>106</ModuleId>
          <StyleSheet xPos="455" yPos="695"/>
          <Properties version="4.1">
            <Property name="ModuleSpecific" type="Map">
              <Property name="ResultType">None</Property>
            </Property>
          </Properties>
        </WorkflowModule>
        <WorkflowModule moduleType="IntermediateEvent">
          <ModuleId>105</ModuleId>
          <StyleSheet xPos="455" yPos="625"/>
          <Properties version="4.1">
            <Property name="ModuleSpecific" type="Map">
              <Property name="TriggerType">ParallelMultiple</Property>
              <Property name="CancelActivity" type="Boolean">true</Property>
            </Property>
          </Properties>
        </WorkflowModule>
        <WorkflowModule moduleType="IntermediateEvent">
          <ModuleId>104</ModuleId>
          <StyleSheet xPos="425" yPos="345"/>
          <Properties version="4.1">
            <Property name="ModuleSpecific" type="Map">
              <Property name="TriggerType">Link</Property>
              <Property name="CancelActivity" type="Boolean">true</Property>
            </Property>
          </Properties>
        </WorkflowModule>
        <WorkflowModule moduleType="IntermediateEvent">
          <ModuleId>103</ModuleId>
          <StyleSheet xPos="395" yPos="795"/>
          <Properties version="4.1">
            <Property name="ModuleSpecific" type="Map">
              <Property name="TriggerType">Conditional</Property>
              <Property name="CancelActivity" type="Boolean">true</Property>
            </Property>
          </Properties>
        </WorkflowModule>
        <WorkflowModule moduleType="IntermediateEvent">
          <ModuleId>102</ModuleId>
          <StyleSheet xPos="395" yPos="745"/>
          <Properties version="4.1">
            <Property name="ModuleSpecific" type="Map">
              <Property name="TriggerType">CompensationThrowing</Property>
              <Property name="CancelActivity" type="Boolean">true</Property>
            </Property>
          </Properties>
        </WorkflowModule>
        <WorkflowModule moduleType="IntermediateEvent">
          <ModuleId>99</ModuleId>
          <StyleSheet xPos="385" yPos="525"/>
          <Properties version="4.1">
            <Property name="ModuleSpecific" type="Map">
              <Property name="TriggerType">Error</Property>
              <Property name="CancelActivity" type="Boolean">true</Property>
            </Property>
          </Properties>
        </WorkflowModule>
        <WorkflowModule moduleType="ChoreographyTask">
          <ModuleId>60</ModuleId>
          <ParentModule moduleId="61"/>
          <StyleSheet xPos="90" yPos="980"/>
          <Properties version="4.1">
            <Property name="ModuleSpecific" type="Map">
              <Property name="InitiatingParticipant">up</Property>
              <Property name="ParticipantsAtTop" type="List">
                <Property name="Participant" type="Map">
                  <Property name="ParticipantName">up</Property>
                </Property>
              </Property>
              <Property name="ParticipantsAtBottom" type="List">
                <Property name="Participant" type="Map">
                  <Property name="ParticipantName">down</Property>
                </Property>
              </Property>
              <Property name="LoopType">None</Property>
            </Property>
          </Properties>
          <Connection moduleOutId="84" type="SequenceFlow">
            <ConnectionNames version="4.1"/>
            <Comments version="4.1"/>
            <ConnectionId>108</ConnectionId>
            <Properties version="4.1">
              <Property name="ModuleSpecific" type="Map">
                <Property name="ConditionType">None</Property>
              </Property>
            </Properties>
          </Connection>
        </WorkflowModule>
        <WorkflowModule moduleType="IntermediateEvent">
          <ModuleId>101</ModuleId>
          <StyleSheet xPos="395" yPos="705"/>
          <Properties version="4.1">
            <Property name="ModuleSpecific" type="Map">
              <Property name="TriggerType">Compensation</Property>
              <Property name="CancelActivity" type="Boolean">true</Property>
            </Property>
          </Properties>
        </WorkflowModule>
        <WorkflowModule moduleType="ChoreographySubProcess">
          <ModuleId>61</ModuleId>
          <StyleSheet height="220" width="440" xPos="60" yPos="930"/>
          <Properties version="4.1">
            <Property name="ModuleSpecific" type="Map">
              <Property name="InitiatingParticipant">up1</Property>
              <Property name="ParticipantsAtTop" type="List">
                <Property name="Participant" type="Map">
                  <Property name="ParticipantName">up1</Property>
                </Property>
              </Property>
              <Property name="ParticipantsAtBottom" type="List">
                <Property name="Participant" type="Map">
                  <Property name="ParticipantName">down2</Property>
                  <Property name="ParticipantMultiplicity" type="Map">
                    <Property name="Minimum" type="Integer">2</Property>
                    <Property name="Maximum" type="Integer">7</Property>
                  </Property>
                </Property>
              </Property>
              <Property name="LoopType">None</Property>
            </Property>
          </Properties>
        </WorkflowModule>
        <WorkflowModule moduleType="IntermediateEvent">
          <ModuleId>100</ModuleId>
          <StyleSheet xPos="385" yPos="575"/>
          <Properties version="4.1">
            <Property name="ModuleSpecific" type="Map">
              <Property name="TriggerType">Escalation</Property>
              <Property name="CancelActivity" type="Boolean">true</Property>
            </Property>
          </Properties>
        </WorkflowModule>
        <WorkflowModule moduleType="IntermediateEvent">
          <ModuleId>98</ModuleId>
          <StyleSheet xPos="365" yPos="435"/>
          <Properties version="4.1">
            <Property name="ModuleSpecific" type="Map">
              <Property name="TriggerType">MessageThrowing</Property>
              <Property name="CancelActivity" type="Boolean">true</Property>
            </Property>
          </Properties>
        </WorkflowModule>
        <WorkflowModule moduleType="Gateway">
          <ModuleId>49</ModuleId>
          <StyleSheet xPos="610" yPos="120"/>
          <Properties version="4.1">
            <Property name="ModuleSpecific" type="Map">
              <Property name="GatewayType">ExclusiveEventBased</Property>
              <Property name="GatewayDirection">unspecified</Property>
              <Property name="EventBased" type="Map">
                <Property name="Instantiate" type="Boolean">false</Property>
                <Property name="EventGatewayType">Exclusive</Property>
              </Property>
            </Property>
          </Properties>
        </WorkflowModule>
        <WorkflowModule moduleType="StartEvent">
          <ModuleId>97</ModuleId>
          <StyleSheet xPos="315" yPos="795"/>
          <Properties version="4.1">
            <Property name="ModuleSpecific" type="Map">
              <Property name="TriggerType">ParallelMultiple</Property>
              <Property name="IsInterrupting" type="Boolean">true</Property>
            </Property>
          </Properties>
        </WorkflowModule>
        <WorkflowModule moduleType="Gateway">
          <ModuleId>48</ModuleId>
          <StyleSheet xPos="610" yPos="50"/>
          <Properties version="4.1">
            <Property name="ModuleSpecific" type="Map">
              <Property name="GatewayType">ExclusiveDataBased</Property>
              <Property name="GatewayDirection">unspecified</Property>
            </Property>
          </Properties>
        </WorkflowModule>
        <WorkflowModule moduleType="StartEvent">
          <ModuleId>96</ModuleId>
          <StyleSheet xPos="315" yPos="745"/>
          <Properties version="4.1">
            <Property name="ModuleSpecific" type="Map">
              <Property name="TriggerType">Multiple</Property>
              <Property name="IsInterrupting" type="Boolean">true</Property>
            </Property>
          </Properties>
        </WorkflowModule>
        <WorkflowModule moduleType="StartEvent">
          <ModuleId>95</ModuleId>
          <StyleSheet xPos="315" yPos="685"/>
          <Properties version="4.1">
            <Property name="ModuleSpecific" type="Map">
              <Property name="TriggerType">Signal</Property>
              <Property name="IsInterrupting" type="Boolean">true</Property>
            </Property>
          </Properties>
        </WorkflowModule>
        <WorkflowModule moduleType="StopEvent">
          <ModuleId>45</ModuleId>
          <StyleSheet xPos="455" yPos="745"/>
          <Properties version="4.1">
            <Property name="ModuleSpecific" type="Map">
              <Property name="ResultType">Message</Property>
            </Property>
          </Properties>
        </WorkflowModule>
        <WorkflowModule moduleType="StartEvent">
          <ModuleId>94</ModuleId>
          <StyleSheet xPos="315" yPos="635"/>
          <Properties version="4.1">
            <Property name="ModuleSpecific" type="Map">
              <Property name="TriggerType">Conditional</Property>
              <Property name="IsInterrupting" type="Boolean">true</Property>
            </Property>
          </Properties>
        </WorkflowModule>
        <WorkflowModule moduleType="StartEvent">
          <ModuleId>93</ModuleId>
          <StyleSheet xPos="315" yPos="585"/>
          <Properties version="4.1">
            <Property name="ModuleSpecific" type="Map">
              <Property name="TriggerType">Compensation</Property>
              <Property name="IsInterrupting" type="Boolean">true</Property>
            </Property>
          </Properties>
        </WorkflowModule>
        <WorkflowModule moduleType="StopEvent">
          <ModuleId>44</ModuleId>
          <StyleSheet xPos="495" yPos="545"/>
          <Properties version="4.1">
            <Property name="ModuleSpecific" type="Map">
              <Property name="ResultType">Terminate</Property>
            </Property>
          </Properties>
        </WorkflowModule>
        <WorkflowModule moduleType="StartEvent">
          <ModuleId>92</ModuleId>
          <StyleSheet xPos="315" yPos="535"/>
          <Properties version="4.1">
            <Property name="ModuleSpecific" type="Map">
              <Property name="TriggerType">Escalation</Property>
              <Property name="IsInterrupting" type="Boolean">true</Property>
            </Property>
          </Properties>
        </WorkflowModule>
        <WorkflowModule moduleType="StopEvent">
          <ModuleId>47</ModuleId>
          <StyleSheet xPos="515" yPos="625"/>
          <Properties version="4.1">
            <Property name="ModuleSpecific" type="Map">
              <Property name="ResultType">Multiple</Property>
            </Property>
          </Properties>
        </WorkflowModule>
        <WorkflowModule moduleType="StopEvent">
          <ModuleId>46</ModuleId>
          <StyleSheet xPos="455" yPos="795"/>
          <Properties version="4.1">
            <Property name="ModuleSpecific" type="Map">
              <Property name="ResultType">Error</Property>
            </Property>
          </Properties>
        </WorkflowModule>
        <WorkflowModule moduleType="StartEvent">
          <ModuleId>91</ModuleId>
          <StyleSheet xPos="305" yPos="485"/>
          <Properties version="4.1">
            <Property name="ModuleSpecific" type="Map">
              <Property name="TriggerType">Error</Property>
              <Property name="IsInterrupting" type="Boolean">true</Property>
            </Property>
          </Properties>
        </WorkflowModule>
        <WorkflowModule moduleType="StartEvent">
          <ModuleId>90</ModuleId>
          <StyleSheet xPos="305" yPos="435"/>
          <Properties version="4.1">
            <Property name="ModuleSpecific" type="Map">
              <Property name="TriggerType">Timer</Property>
              <Property name="IsInterrupting" type="Boolean">true</Property>
            </Property>
          </Properties>
        </WorkflowModule>
        <WorkflowModule moduleType="Gateway">
          <ModuleId>51</ModuleId>
          <StyleSheet xPos="620" yPos="240"/>
          <Properties version="4.1">
            <Property name="ModuleSpecific" type="Map">
              <Property name="GatewayType">Complex</Property>
              <Property name="GatewayDirection">unspecified</Property>
            </Property>
          </Properties>
        </WorkflowModule>
        <WorkflowModule moduleType="DataObject">
          <ModuleId>52</ModuleId>
          <StyleSheet xPos="735" yPos="435"/>
          <Connection moduleOutId="51" type="Association">
            <ConnectionNames version="4.1"/>
            <Comments version="4.1"/>
            <ConnectionId>83</ConnectionId>
            <Properties version="4.1">
              <Property name="ModuleSpecific" type="Map">
                <Property name="Direction">One</Property>
              </Property>
            </Properties>
          </Connection>
        </WorkflowModule>
        <WorkflowModule moduleType="DataOutput">
          <ModuleId>53</ModuleId>
          <StyleSheet xPos="685" yPos="545"/>
        </WorkflowModule>
        <WorkflowModule moduleType="Group">
          <ModuleId>54</ModuleId>
          <StyleSheet xPos="590" yPos="610"/>
        </WorkflowModule>
        <WorkflowModule moduleType="StartEvent">
          <ModuleId>89</ModuleId>
          <StyleSheet xPos="305" yPos="385"/>
          <Properties version="4.1">
            <Property name="ModuleSpecific" type="Map">
              <Property name="TriggerType">Message</Property>
              <Property name="IsInterrupting" type="Boolean">true</Property>
            </Property>
          </Properties>
        </WorkflowModule>
        <WorkflowModule moduleType="Gateway">
          <ModuleId>50</ModuleId>
          <StyleSheet xPos="610" yPos="180"/>
          <Properties version="4.1">
            <Property name="ModuleSpecific" type="Map">
              <Property name="GatewayType">Inclusive</Property>
              <Property name="GatewayDirection">unspecified</Property>
            </Property>
          </Properties>
        </WorkflowModule>
        <Variables xmlns:xs="http://www.w3.org/2001/XMLSchema"/>
      </Workflow>
    </WorkflowGroup>
  </Workflows>
</IBISWorkflow>
