<?xml version="1.0" encoding="UTF-8"?>
<IBISWorkflow version="5.1">
    <Workflows>
        <WorkflowGroup>
            <WorkflowGroupName>BPMNGroup</WorkflowGroupName>
            <Workflow version="head" workflowType="bpd">
                <WorkflowName>BPMN1</WorkflowName>
                <WorkflowUId>-4ec9e5a6:12490bb6f0e:-7ffe</WorkflowUId>
                <Comment>&lt;p style="margin-top: 0"&gt; &lt;/p&gt;</Comment>
                <CheckinComment>@@@Server: decplex.intra.inubit.com@@@Version: 1@@@26.10.2009 13:07:28@@@</CheckinComment>
                <IsActive>true</IsActive>
                <XPathVersion>1.0</XPathVersion>
                <WorkflowModule moduleType="TextAnnotation">
                    <ModuleId>13832092</ModuleId>
                    <ModuleName>If you can read this you succefully loaded the first out of three diagrams</ModuleName>
                    <StyleSheet xPos="210" yPos="80"/>
                    <Comment>&lt;p style="margin-top: 0"&gt; &lt;/p&gt;</Comment>
                </WorkflowModule>
                <WorkflowModule moduleType="Task">
                    <ModuleId>1</ModuleId>
                    <StyleSheet xPos="210" yPos="250"/>
                    <Properties version="4.1">
                        <Property name="ModuleSpecific" type="Map">
                            <Property name="StartQuantity" type="Integer">1</Property>
                            <Property name="CompletionQuantity" type="Integer">1</Property>
                            <Property name="LoopType">None</Property>
                            <Property name="TaskType">None</Property>
                        </Property>
                    </Properties>
                    <Connection moduleOutId="3" type="SequenceFlow">
                        <ConnectionNames version="4.1"/>
                        <Comments version="4.1"/>
                        <ConnectionId>5</ConnectionId>
                        <Properties version="4.1">
                            <Property name="ModuleSpecific" type="Map">
                                <Property name="ConditionType">None</Property>
                            </Property>
                        </Properties>
                    </Connection>
                </WorkflowModule>
                <WorkflowModule moduleType="StartEvent">
                    <ModuleId>2</ModuleId>
                    <StyleSheet xPos="95" yPos="265"/>
                    <Properties version="4.1">
                        <Property name="ModuleSpecific" type="Map">
                            <Property name="TriggerType">None</Property>
                        </Property>
                    </Properties>
                    <Connection moduleOutId="1" type="SequenceFlow">
                        <ConnectionNames version="4.1"/>
                        <Comments version="4.1"/>
                        <ConnectionId>4</ConnectionId>
                        <Properties version="4.1">
                            <Property name="ModuleSpecific" type="Map">
                                <Property name="ConditionType">None</Property>
                            </Property>
                        </Properties>
                    </Connection>
                </WorkflowModule>
                <WorkflowModule moduleType="StopEvent">
                    <ModuleId>3</ModuleId>
                    <StyleSheet xPos="395" yPos="265"/>
                    <Properties version="4.1">
                        <Property name="ModuleSpecific" type="Map">
                            <Property name="ResultType">None</Property>
                        </Property>
                    </Properties>
                </WorkflowModule>
                <Variables xmlns:xs="http://www.w3.org/2001/XMLSchema"/>
            </Workflow>
            <Workflow version="head" workflowType="bpd">
                <WorkflowName>BPMN2</WorkflowName>
                <WorkflowUId>-4ec9e5a6:12490bb6f0e:-7ffd</WorkflowUId>
                <Comment>&lt;p style="margin-top: 0"&gt; &lt;/p&gt;</Comment>
                <CheckinComment>@@@Server: decplex.intra.inubit.com@@@Version: 1@@@26.10.2009 13:07:28@@@</CheckinComment>
                <IsActive>true</IsActive>
                <XPathVersion>1.0</XPathVersion>
                <WorkflowModule moduleType="TextAnnotation">
                    <ModuleId>13832091</ModuleId>
                    <ModuleName>If you can read this you succefully loaded the second out of three diagrams</ModuleName>
                    <StyleSheet xPos="260" yPos="30"/>
                    <Comment>&lt;p style="margin-top: 0"&gt; &lt;/p&gt;</Comment>
                </WorkflowModule>
                <WorkflowModule moduleType="SubProcess">
                    <ModuleId>1</ModuleId>
                    <StyleSheet height="270" width="190" xPos="240" yPos="260"/>
                    <Properties version="4.1">
                        <Property name="ModuleSpecific" type="Map">
                            <Property name="StartQuantity" type="Integer">1</Property>
                            <Property name="CompletionQuantity" type="Integer">1</Property>
                            <Property name="LoopType">None</Property>
                            <Property name="SubProcessType">Embedded</Property>
                            <Property name="IsATransaction" type="Boolean">false</Property>
                            <Property name="AdHoc" type="Boolean">true</Property>
                            <Property name="AdHocOrdering">Parallel</Property>
                            <Property name="AdHocCompletionCondition" type="Map">
                                <Property name="ExpressionBody"/>
                                <Property name="ExpressionLanguage"/>
                            </Property>
                        </Property>
                    </Properties>
                    <Comment>&lt;p style="margin-top: 0"&gt; &lt;/p&gt;</Comment>
                </WorkflowModule>
                <WorkflowModule moduleType="Task">
                    <ModuleId>2</ModuleId>
                    <ParentModule moduleId="1"/>
                    <StyleSheet xPos="280" yPos="280"/>
                    <Properties version="4.1">
                        <Property name="ModuleSpecific" type="Map">
                            <Property name="StartQuantity" type="Integer">1</Property>
                            <Property name="CompletionQuantity" type="Integer">1</Property>
                            <Property name="LoopType">None</Property>
                            <Property name="TaskType">None</Property>
                        </Property>
                    </Properties>
                </WorkflowModule>
                <WorkflowModule moduleType="Task">
                    <ModuleId>3</ModuleId>
                    <ParentModule moduleId="1"/>
                    <StyleSheet xPos="280" yPos="360"/>
                    <Properties version="4.1">
                        <Property name="ModuleSpecific" type="Map">
                            <Property name="StartQuantity" type="Integer">1</Property>
                            <Property name="CompletionQuantity" type="Integer">1</Property>
                            <Property name="LoopType">None</Property>
                            <Property name="TaskType">None</Property>
                        </Property>
                    </Properties>
                </WorkflowModule>
                <Variables xmlns:xs="http://www.w3.org/2001/XMLSchema"/>
            </Workflow>
            <Workflow version="head" workflowType="bpd">
                <WorkflowName>BPMN3</WorkflowName>
                <WorkflowUId>-4ec9e5a6:12490bb6f0e:-7ffc</WorkflowUId>
                <Comment>&lt;p style="margin-top: 0"&gt; &lt;/p&gt;</Comment>
                <CheckinComment>@@@Server: decplex.intra.inubit.com@@@Version: 1@@@26.10.2009 13:07:28@@@</CheckinComment>
                <IsActive>true</IsActive>
                <XPathVersion>1.0</XPathVersion>
                <WorkflowModule moduleType="IntermediateEvent">
                    <ModuleId>4</ModuleId>
                    <ParentModule moduleId="2"/>
                    <StyleSheet xPos="155" yPos="345"/>
                    <Properties version="4.1">
                        <Property name="ModuleSpecific" type="Map">
                            <Property name="TriggerType">CompensationThrowing</Property>
                        </Property>
                    </Properties>
                    <Connection moduleOutId="3" type="SequenceFlow">
                        <ConnectionNames version="4.1"/>
                        <Comments version="4.1"/>
                        <ConnectionId>5</ConnectionId>
                        <Properties version="4.1">
                            <Property name="ModuleSpecific" type="Map">
                                <Property name="ConditionType">None</Property>
                            </Property>
                        </Properties>
                    </Connection>
                </WorkflowModule>
                <WorkflowModule moduleType="TextAnnotation">
                    <ModuleId>1</ModuleId>
                    <ModuleName>If you can read this you succefully loaded the thrid out of three diagrams</ModuleName>
                    <StyleSheet xPos="190" yPos="120"/>
                    <Comment>&lt;p style="margin-top: 0"&gt; &lt;/p&gt;</Comment>
                </WorkflowModule>
                <WorkflowModule moduleType="PoolHorizontal">
                    <ModuleId>2</ModuleId>
                    <ModuleName>Pool</ModuleName>
                    <StyleSheet height="280" width="400" xPos="80" yPos="280"/>
                </WorkflowModule>
                <WorkflowModule moduleType="Task">
                    <ModuleId>3</ModuleId>
                    <ParentModule moduleId="2"/>
                    <StyleSheet xPos="270" yPos="400"/>
                    <Properties version="4.1">
                        <Property name="ModuleSpecific" type="Map">
                            <Property name="StartQuantity" type="Integer">1</Property>
                            <Property name="CompletionQuantity" type="Integer">1</Property>
                            <Property name="LoopType">None</Property>
                            <Property name="TaskType">None</Property>
                        </Property>
                    </Properties>
                </WorkflowModule>
                <Variables xmlns:xs="http://www.w3.org/2001/XMLSchema"/>
            </Workflow>
        </WorkflowGroup>
    </Workflows>
</IBISWorkflow>
